--------------------------------------------------------
--  파일이 생성됨 - 일요일-3월-07-2021   
--------------------------------------------------------
--------------------------------------------------------
--  DDL for Table CUPON
--------------------------------------------------------

  CREATE TABLE "DBSERVER"."CUPON" 
   (	"CUPID" NUMBER(*,0), 
	"CUPQRNO" NUMBER, 
	"CUPDATE" DATE, 
	"CUPDISCOUNT" NUMBER, 
	"CUPUSEDATE" DATE, 
	"CUPKIND" VARCHAR2(50 BYTE), 
	"CUPADVCONTENTS" VARCHAR2(1000 BYTE), 
	"CUSID" VARCHAR2(100 BYTE), 
	"STOID" VARCHAR2(100 BYTE)
   ) SEGMENT CREATION IMMEDIATE 
  PCTFREE 10 PCTUSED 40 INITRANS 1 MAXTRANS 255 NOCOMPRESS LOGGING
  STORAGE(INITIAL 65536 NEXT 1048576 MINEXTENTS 1 MAXEXTENTS 2147483645
  PCTINCREASE 0 FREELISTS 1 FREELIST GROUPS 1 BUFFER_POOL DEFAULT FLASH_CACHE DEFAULT CELL_FLASH_CACHE DEFAULT)
  TABLESPACE "SYSTEM" ;

   COMMENT ON COLUMN "DBSERVER"."CUPON"."CUPID" IS '쿠폰아이디';
   COMMENT ON COLUMN "DBSERVER"."CUPON"."CUPQRNO" IS 'QR코드번호';
   COMMENT ON COLUMN "DBSERVER"."CUPON"."CUPDATE" IS '쿠폰생성일';
   COMMENT ON COLUMN "DBSERVER"."CUPON"."CUPDISCOUNT" IS '할인액';
   COMMENT ON COLUMN "DBSERVER"."CUPON"."CUPUSEDATE" IS '쿠폰 사용 일자';
   COMMENT ON COLUMN "DBSERVER"."CUPON"."CUPKIND" IS '쿠폰 상태';
   COMMENT ON COLUMN "DBSERVER"."CUPON"."CUPADVCONTENTS" IS '광고내용';
   COMMENT ON COLUMN "DBSERVER"."CUPON"."CUSID" IS '사용자아이디';
   COMMENT ON COLUMN "DBSERVER"."CUPON"."STOID" IS '가맹점아이디';
   COMMENT ON TABLE "DBSERVER"."CUPON"  IS '쿠폰';
--------------------------------------------------------
--  DDL for Table CUSUSER
--------------------------------------------------------

  CREATE TABLE "DBSERVER"."CUSUSER" 
   (	"CUSID" VARCHAR2(100 BYTE), 
	"CUSPHONE" VARCHAR2(100 BYTE), 
	"CUSPASSWORD" VARCHAR2(100 BYTE), 
	"CUSEMAIL" VARCHAR2(100 BYTE), 
	"CUSNAME" VARCHAR2(100 BYTE), 
	"CUSBIRTH" NUMBER, 
	"CUSADRESS" VARCHAR2(1000 BYTE), 
	"CUSSIGNUPDATE" DATE, 
	"CUSADV" CHAR(2 BYTE), 
	"CUSQRNO" NUMBER, 
	"CUSTOTMIL" NUMBER
   ) SEGMENT CREATION IMMEDIATE 
  PCTFREE 10 PCTUSED 40 INITRANS 1 MAXTRANS 255 NOCOMPRESS LOGGING
  STORAGE(INITIAL 65536 NEXT 1048576 MINEXTENTS 1 MAXEXTENTS 2147483645
  PCTINCREASE 0 FREELISTS 1 FREELIST GROUPS 1 BUFFER_POOL DEFAULT FLASH_CACHE DEFAULT CELL_FLASH_CACHE DEFAULT)
  TABLESPACE "SYSTEM" ;

   COMMENT ON COLUMN "DBSERVER"."CUSUSER"."CUSID" IS '사용자아이디';
   COMMENT ON COLUMN "DBSERVER"."CUSUSER"."CUSPHONE" IS '전화번호';
   COMMENT ON COLUMN "DBSERVER"."CUSUSER"."CUSPASSWORD" IS '비밀번호';
   COMMENT ON COLUMN "DBSERVER"."CUSUSER"."CUSEMAIL" IS '이메일';
   COMMENT ON COLUMN "DBSERVER"."CUSUSER"."CUSNAME" IS '이름';
   COMMENT ON COLUMN "DBSERVER"."CUSUSER"."CUSBIRTH" IS '생년월일';
   COMMENT ON COLUMN "DBSERVER"."CUSUSER"."CUSADRESS" IS '주소';
   COMMENT ON COLUMN "DBSERVER"."CUSUSER"."CUSSIGNUPDATE" IS '가입날짜';
   COMMENT ON COLUMN "DBSERVER"."CUSUSER"."CUSADV" IS '광고허용여부';
   COMMENT ON COLUMN "DBSERVER"."CUSUSER"."CUSQRNO" IS '고유 QR코드 번호';
   COMMENT ON COLUMN "DBSERVER"."CUSUSER"."CUSTOTMIL" IS '보유마일리지';
   COMMENT ON TABLE "DBSERVER"."CUSUSER"  IS '사용자';
--------------------------------------------------------
--  DDL for Table MANAGER
--------------------------------------------------------

  CREATE TABLE "DBSERVER"."MANAGER" 
   (	"MANID" VARCHAR2(100 BYTE), 
	"MANPASSWORD" VARCHAR2(100 BYTE), 
	"MANNAME" VARCHAR2(100 BYTE), 
	"MANAUTHORITY" VARCHAR2(20 BYTE), 
	"MANPHONE" VARCHAR2(100 BYTE), 
	"MANEMAIL" VARCHAR2(100 BYTE)
   ) SEGMENT CREATION IMMEDIATE 
  PCTFREE 10 PCTUSED 40 INITRANS 1 MAXTRANS 255 NOCOMPRESS LOGGING
  STORAGE(INITIAL 65536 NEXT 1048576 MINEXTENTS 1 MAXEXTENTS 2147483645
  PCTINCREASE 0 FREELISTS 1 FREELIST GROUPS 1 BUFFER_POOL DEFAULT FLASH_CACHE DEFAULT CELL_FLASH_CACHE DEFAULT)
  TABLESPACE "SYSTEM" ;

   COMMENT ON COLUMN "DBSERVER"."MANAGER"."MANID" IS '아이디';
   COMMENT ON COLUMN "DBSERVER"."MANAGER"."MANPASSWORD" IS '비밀번호';
   COMMENT ON COLUMN "DBSERVER"."MANAGER"."MANNAME" IS '관리자 이름';
   COMMENT ON COLUMN "DBSERVER"."MANAGER"."MANAUTHORITY" IS '권한';
   COMMENT ON COLUMN "DBSERVER"."MANAGER"."MANPHONE" IS '관리자 전화번호';
   COMMENT ON COLUMN "DBSERVER"."MANAGER"."MANEMAIL" IS '관리자 이메일';
   COMMENT ON TABLE "DBSERVER"."MANAGER"  IS '관리자';
--------------------------------------------------------
--  DDL for Table MILEAGE
--------------------------------------------------------

  CREATE TABLE "DBSERVER"."MILEAGE" 
   (	"MILNO" NUMBER, 
	"MILSTACK" NUMBER, 
	"PAYNUM" NUMBER, 
	"CUSID" VARCHAR2(100 BYTE), 
	"MILDATE" DATE
   ) SEGMENT CREATION IMMEDIATE 
  PCTFREE 10 PCTUSED 40 INITRANS 1 MAXTRANS 255 NOCOMPRESS LOGGING
  STORAGE(INITIAL 65536 NEXT 1048576 MINEXTENTS 1 MAXEXTENTS 2147483645
  PCTINCREASE 0 FREELISTS 1 FREELIST GROUPS 1 BUFFER_POOL DEFAULT FLASH_CACHE DEFAULT CELL_FLASH_CACHE DEFAULT)
  TABLESPACE "SYSTEM" ;

   COMMENT ON COLUMN "DBSERVER"."MILEAGE"."MILNO" IS '마일리지번호';
   COMMENT ON COLUMN "DBSERVER"."MILEAGE"."MILSTACK" IS '적립마일리지';
   COMMENT ON COLUMN "DBSERVER"."MILEAGE"."PAYNUM" IS '결제번호';
   COMMENT ON COLUMN "DBSERVER"."MILEAGE"."CUSID" IS '사용자아이디';
   COMMENT ON COLUMN "DBSERVER"."MILEAGE"."MILDATE" IS '적립일자';
   COMMENT ON TABLE "DBSERVER"."MILEAGE"  IS '마일리지적립';
--------------------------------------------------------
--  DDL for Table NTC
--------------------------------------------------------

  CREATE TABLE "DBSERVER"."NTC" 
   (	"NTCNO" NUMBER, 
	"NTCTITLE" VARCHAR2(200 BYTE), 
	"NTCCONTENTS" VARCHAR2(1000 BYTE), 
	"NTCITWRITER" VARCHAR2(100 BYTE), 
	"NTCDATE" DATE, 
	"NTCVIEWS" NUMBER
   ) SEGMENT CREATION IMMEDIATE 
  PCTFREE 10 PCTUSED 40 INITRANS 1 MAXTRANS 255 NOCOMPRESS LOGGING
  STORAGE(INITIAL 65536 NEXT 1048576 MINEXTENTS 1 MAXEXTENTS 2147483645
  PCTINCREASE 0 FREELISTS 1 FREELIST GROUPS 1 BUFFER_POOL DEFAULT FLASH_CACHE DEFAULT CELL_FLASH_CACHE DEFAULT)
  TABLESPACE "SYSTEM" ;

   COMMENT ON COLUMN "DBSERVER"."NTC"."NTCNO" IS '글번호';
   COMMENT ON COLUMN "DBSERVER"."NTC"."NTCTITLE" IS '제목';
   COMMENT ON COLUMN "DBSERVER"."NTC"."NTCCONTENTS" IS '내용';
   COMMENT ON COLUMN "DBSERVER"."NTC"."NTCITWRITER" IS '작성자';
   COMMENT ON COLUMN "DBSERVER"."NTC"."NTCDATE" IS '작성일';
   COMMENT ON COLUMN "DBSERVER"."NTC"."NTCVIEWS" IS '조회수';
   COMMENT ON TABLE "DBSERVER"."NTC"  IS '공지사항 게시판';
--------------------------------------------------------
--  DDL for Table PAYMENT
--------------------------------------------------------

  CREATE TABLE "DBSERVER"."PAYMENT" 
   (	"PAYNUM" NUMBER, 
	"PAYACO" NUMBER, 
	"PAYREAL" NUMBER, 
	"PAYDATE" DATE, 
	"PAYUSEMIL" NUMBER DEFAULT 0, 
	"PAYTYPE" CHAR(2 BYTE), 
	"STOID" VARCHAR2(100 BYTE), 
	"CUSID" VARCHAR2(100 BYTE), 
	"CUPID" NUMBER(*,0) DEFAULT 0, 
	"MILSTACK" NUMBER DEFAULT 0
   ) SEGMENT CREATION IMMEDIATE 
  PCTFREE 10 PCTUSED 40 INITRANS 1 MAXTRANS 255 NOCOMPRESS LOGGING
  STORAGE(INITIAL 65536 NEXT 1048576 MINEXTENTS 1 MAXEXTENTS 2147483645
  PCTINCREASE 0 FREELISTS 1 FREELIST GROUPS 1 BUFFER_POOL DEFAULT FLASH_CACHE DEFAULT CELL_FLASH_CACHE DEFAULT)
  TABLESPACE "SYSTEM" ;

   COMMENT ON COLUMN "DBSERVER"."PAYMENT"."PAYNUM" IS '결제번호';
   COMMENT ON COLUMN "DBSERVER"."PAYMENT"."PAYACO" IS '결제금액';
   COMMENT ON COLUMN "DBSERVER"."PAYMENT"."PAYREAL" IS '실결제금액';
   COMMENT ON COLUMN "DBSERVER"."PAYMENT"."PAYDATE" IS '결제일자';
   COMMENT ON COLUMN "DBSERVER"."PAYMENT"."PAYUSEMIL" IS '사용 마일리지';
   COMMENT ON COLUMN "DBSERVER"."PAYMENT"."PAYTYPE" IS '처리유형';
   COMMENT ON COLUMN "DBSERVER"."PAYMENT"."STOID" IS '가맹점아이디';
   COMMENT ON COLUMN "DBSERVER"."PAYMENT"."CUSID" IS '사용자아이디';
   COMMENT ON COLUMN "DBSERVER"."PAYMENT"."CUPID" IS '쿠폰아이디';
   COMMENT ON COLUMN "DBSERVER"."PAYMENT"."MILSTACK" IS '적립 마일리지';
   COMMENT ON TABLE "DBSERVER"."PAYMENT"  IS '결제처리';
--------------------------------------------------------
--  DDL for Table QNA
--------------------------------------------------------

  CREATE TABLE "DBSERVER"."QNA" 
   (	"QNANO" NUMBER, 
	"QNATITLE" VARCHAR2(200 BYTE), 
	"QNACONTENTS" VARCHAR2(1000 BYTE), 
	"QNAWRITER" VARCHAR2(100 BYTE), 
	"QNACREATEDATE" DATE
   ) SEGMENT CREATION IMMEDIATE 
  PCTFREE 10 PCTUSED 40 INITRANS 1 MAXTRANS 255 NOCOMPRESS LOGGING
  STORAGE(INITIAL 65536 NEXT 1048576 MINEXTENTS 1 MAXEXTENTS 2147483645
  PCTINCREASE 0 FREELISTS 1 FREELIST GROUPS 1 BUFFER_POOL DEFAULT FLASH_CACHE DEFAULT CELL_FLASH_CACHE DEFAULT)
  TABLESPACE "SYSTEM" ;

   COMMENT ON COLUMN "DBSERVER"."QNA"."QNANO" IS 'QnA번호';
   COMMENT ON COLUMN "DBSERVER"."QNA"."QNATITLE" IS '제목';
   COMMENT ON COLUMN "DBSERVER"."QNA"."QNACONTENTS" IS '내용';
   COMMENT ON COLUMN "DBSERVER"."QNA"."QNAWRITER" IS '작성자';
   COMMENT ON COLUMN "DBSERVER"."QNA"."QNACREATEDATE" IS '작성일';
   COMMENT ON TABLE "DBSERVER"."QNA"  IS 'Q&A 게시판';
--------------------------------------------------------
--  DDL for Table QNAREPLY
--------------------------------------------------------

  CREATE TABLE "DBSERVER"."QNAREPLY" 
   (	"RENO" NUMBER, 
	"REWRITER" VARCHAR2(100 BYTE), 
	"RECONTENTS" VARCHAR2(1000 BYTE), 
	"REDATE" DATE, 
	"QNANO" NUMBER
   ) SEGMENT CREATION IMMEDIATE 
  PCTFREE 10 PCTUSED 40 INITRANS 1 MAXTRANS 255 NOCOMPRESS LOGGING
  STORAGE(INITIAL 65536 NEXT 1048576 MINEXTENTS 1 MAXEXTENTS 2147483645
  PCTINCREASE 0 FREELISTS 1 FREELIST GROUPS 1 BUFFER_POOL DEFAULT FLASH_CACHE DEFAULT CELL_FLASH_CACHE DEFAULT)
  TABLESPACE "SYSTEM" ;

   COMMENT ON COLUMN "DBSERVER"."QNAREPLY"."RENO" IS 'Q&A 댓글 번호';
   COMMENT ON COLUMN "DBSERVER"."QNAREPLY"."REWRITER" IS '작성자';
   COMMENT ON COLUMN "DBSERVER"."QNAREPLY"."RECONTENTS" IS '댓글 내용';
   COMMENT ON COLUMN "DBSERVER"."QNAREPLY"."REDATE" IS '작성일';
   COMMENT ON COLUMN "DBSERVER"."QNAREPLY"."QNANO" IS 'QnA번호';
   COMMENT ON TABLE "DBSERVER"."QNAREPLY"  IS 'Q&A 게시판 댓글';
--------------------------------------------------------
--  DDL for Table STORE
--------------------------------------------------------

  CREATE TABLE "DBSERVER"."STORE" 
   (	"STOID" VARCHAR2(100 BYTE), 
	"STOPHONE" VARCHAR2(100 BYTE), 
	"STOPASSWORD" VARCHAR2(100 BYTE), 
	"STOEMAIL" VARCHAR2(100 BYTE), 
	"STONAME" VARCHAR2(100 BYTE), 
	"STOADRESS" VARCHAR2(1000 BYTE), 
	"STOBUINUM" NUMBER, 
	"STOSIGNDATE" DATE, 
	"STOLOCNUM" VARCHAR2(100 BYTE), 
	"STOSIGNAPP" VARCHAR2(20 BYTE) DEFAULT NULL
   ) SEGMENT CREATION IMMEDIATE 
  PCTFREE 10 PCTUSED 40 INITRANS 1 MAXTRANS 255 NOCOMPRESS LOGGING
  STORAGE(INITIAL 65536 NEXT 1048576 MINEXTENTS 1 MAXEXTENTS 2147483645
  PCTINCREASE 0 FREELISTS 1 FREELIST GROUPS 1 BUFFER_POOL DEFAULT FLASH_CACHE DEFAULT CELL_FLASH_CACHE DEFAULT)
  TABLESPACE "SYSTEM" ;

   COMMENT ON COLUMN "DBSERVER"."STORE"."STOID" IS '가맹점아이디';
   COMMENT ON COLUMN "DBSERVER"."STORE"."STOPHONE" IS '전화번호';
   COMMENT ON COLUMN "DBSERVER"."STORE"."STOPASSWORD" IS '비밀번호';
   COMMENT ON COLUMN "DBSERVER"."STORE"."STOEMAIL" IS '이메일';
   COMMENT ON COLUMN "DBSERVER"."STORE"."STONAME" IS '매장이름';
   COMMENT ON COLUMN "DBSERVER"."STORE"."STOADRESS" IS '주소';
   COMMENT ON COLUMN "DBSERVER"."STORE"."STOBUINUM" IS '사업자번호';
   COMMENT ON COLUMN "DBSERVER"."STORE"."STOSIGNDATE" IS '가입날짜';
   COMMENT ON COLUMN "DBSERVER"."STORE"."STOLOCNUM" IS '지역번호';
   COMMENT ON COLUMN "DBSERVER"."STORE"."STOSIGNAPP" IS '가입승인여부';
   COMMENT ON TABLE "DBSERVER"."STORE"  IS '가맹점';
--------------------------------------------------------
--  DDL for Table STOREBOARD
--------------------------------------------------------

  CREATE TABLE "DBSERVER"."STOREBOARD" 
   (	"SBNO" NUMBER, 
	"SBIMAGEFILENAME" VARCHAR2(1000 BYTE), 
	"SBDATE" DATE, 
	"SINO" NUMBER
   ) SEGMENT CREATION IMMEDIATE 
  PCTFREE 10 PCTUSED 40 INITRANS 1 MAXTRANS 255 NOCOMPRESS LOGGING
  STORAGE(INITIAL 65536 NEXT 1048576 MINEXTENTS 1 MAXEXTENTS 2147483645
  PCTINCREASE 0 FREELISTS 1 FREELIST GROUPS 1 BUFFER_POOL DEFAULT FLASH_CACHE DEFAULT CELL_FLASH_CACHE DEFAULT)
  TABLESPACE "SYSTEM" ;

   COMMENT ON COLUMN "DBSERVER"."STOREBOARD"."SBNO" IS '소개이미지번호';
   COMMENT ON COLUMN "DBSERVER"."STOREBOARD"."SBIMAGEFILENAME" IS '소개이미지경로';
   COMMENT ON COLUMN "DBSERVER"."STOREBOARD"."SBDATE" IS '등록일';
   COMMENT ON COLUMN "DBSERVER"."STOREBOARD"."SINO" IS '소개번호';
   COMMENT ON TABLE "DBSERVER"."STOREBOARD"  IS '가맹점 게시판 이미지';
--------------------------------------------------------
--  DDL for Table STORECARD
--------------------------------------------------------

  CREATE TABLE "DBSERVER"."STORECARD" 
   (	"SCNO" NUMBER, 
	"SCIMAGEFILENAME" VARCHAR2(1000 BYTE), 
	"SCDATE" DATE, 
	"STOID" VARCHAR2(100 BYTE)
   ) SEGMENT CREATION IMMEDIATE 
  PCTFREE 10 PCTUSED 40 INITRANS 1 MAXTRANS 255 NOCOMPRESS LOGGING
  STORAGE(INITIAL 65536 NEXT 1048576 MINEXTENTS 1 MAXEXTENTS 2147483645
  PCTINCREASE 0 FREELISTS 1 FREELIST GROUPS 1 BUFFER_POOL DEFAULT FLASH_CACHE DEFAULT CELL_FLASH_CACHE DEFAULT)
  TABLESPACE "SYSTEM" ;

   COMMENT ON COLUMN "DBSERVER"."STORECARD"."SCNO" IS '번호';
   COMMENT ON COLUMN "DBSERVER"."STORECARD"."SCIMAGEFILENAME" IS '등록증경로';
   COMMENT ON COLUMN "DBSERVER"."STORECARD"."SCDATE" IS '등록일';
   COMMENT ON COLUMN "DBSERVER"."STORECARD"."STOID" IS '가맹점아이디';
   COMMENT ON TABLE "DBSERVER"."STORECARD"  IS '사업자 등록증';
--------------------------------------------------------
--  DDL for Table STOREINTRODUCE
--------------------------------------------------------

  CREATE TABLE "DBSERVER"."STOREINTRODUCE" 
   (	"SINO" NUMBER, 
	"SITITLE" VARCHAR2(200 BYTE), 
	"SICONTENTS" VARCHAR2(1000 BYTE), 
	"SICREATEDATE" DATE, 
	"SIVIEWS" NUMBER DEFAULT 0, 
	"STOID" VARCHAR2(100 BYTE), 
	"SBIMAGEFILENAME" VARCHAR2(1000 BYTE)
   ) SEGMENT CREATION IMMEDIATE 
  PCTFREE 10 PCTUSED 40 INITRANS 1 MAXTRANS 255 NOCOMPRESS LOGGING
  STORAGE(INITIAL 65536 NEXT 1048576 MINEXTENTS 1 MAXEXTENTS 2147483645
  PCTINCREASE 0 FREELISTS 1 FREELIST GROUPS 1 BUFFER_POOL DEFAULT FLASH_CACHE DEFAULT CELL_FLASH_CACHE DEFAULT)
  TABLESPACE "SYSTEM" ;

   COMMENT ON COLUMN "DBSERVER"."STOREINTRODUCE"."SINO" IS '소개번호';
   COMMENT ON COLUMN "DBSERVER"."STOREINTRODUCE"."SITITLE" IS '제목';
   COMMENT ON COLUMN "DBSERVER"."STOREINTRODUCE"."SICONTENTS" IS '내용';
   COMMENT ON COLUMN "DBSERVER"."STOREINTRODUCE"."SICREATEDATE" IS '작성일';
   COMMENT ON COLUMN "DBSERVER"."STOREINTRODUCE"."SIVIEWS" IS '조회수';
   COMMENT ON COLUMN "DBSERVER"."STOREINTRODUCE"."STOID" IS '가맹점아이디';
   COMMENT ON COLUMN "DBSERVER"."STOREINTRODUCE"."SBIMAGEFILENAME" IS '이미지경로';
   COMMENT ON TABLE "DBSERVER"."STOREINTRODUCE"  IS '가맹점 소개 게시판';
--------------------------------------------------------
--  DDL for Table STOREMESSAGE
--------------------------------------------------------

  CREATE TABLE "DBSERVER"."STOREMESSAGE" 
   (	"SMNO" NUMBER, 
	"SMTITLE" VARCHAR2(200 BYTE), 
	"SMCONTENTS" VARCHAR2(1000 BYTE), 
	"SMDATE" DATE, 
	"STOID" VARCHAR2(100 BYTE)
   ) SEGMENT CREATION IMMEDIATE 
  PCTFREE 10 PCTUSED 40 INITRANS 1 MAXTRANS 255 NOCOMPRESS LOGGING
  STORAGE(INITIAL 65536 NEXT 1048576 MINEXTENTS 1 MAXEXTENTS 2147483645
  PCTINCREASE 0 FREELISTS 1 FREELIST GROUPS 1 BUFFER_POOL DEFAULT FLASH_CACHE DEFAULT CELL_FLASH_CACHE DEFAULT)
  TABLESPACE "SYSTEM" ;

   COMMENT ON COLUMN "DBSERVER"."STOREMESSAGE"."SMNO" IS '가맹점 쪽지번호';
   COMMENT ON COLUMN "DBSERVER"."STOREMESSAGE"."SMTITLE" IS '제목';
   COMMENT ON COLUMN "DBSERVER"."STOREMESSAGE"."SMCONTENTS" IS '내용';
   COMMENT ON COLUMN "DBSERVER"."STOREMESSAGE"."SMDATE" IS '생성일';
   COMMENT ON COLUMN "DBSERVER"."STOREMESSAGE"."STOID" IS '가맹점아이디';
   COMMENT ON TABLE "DBSERVER"."STOREMESSAGE"  IS '가맹점 쪽지';
--------------------------------------------------------
--  DDL for Table USERMESSAGE
--------------------------------------------------------

  CREATE TABLE "DBSERVER"."USERMESSAGE" 
   (	"UMNUM" NUMBER, 
	"UMTITLE" VARCHAR2(200 BYTE), 
	"UMCONTENTS" VARCHAR2(1000 BYTE), 
	"UMDATE" DATE, 
	"CUSID" VARCHAR2(100 BYTE)
   ) SEGMENT CREATION IMMEDIATE 
  PCTFREE 10 PCTUSED 40 INITRANS 1 MAXTRANS 255 NOCOMPRESS LOGGING
  STORAGE(INITIAL 65536 NEXT 1048576 MINEXTENTS 1 MAXEXTENTS 2147483645
  PCTINCREASE 0 FREELISTS 1 FREELIST GROUPS 1 BUFFER_POOL DEFAULT FLASH_CACHE DEFAULT CELL_FLASH_CACHE DEFAULT)
  TABLESPACE "SYSTEM" ;

   COMMENT ON COLUMN "DBSERVER"."USERMESSAGE"."UMNUM" IS '사용자 쪽지번호';
   COMMENT ON COLUMN "DBSERVER"."USERMESSAGE"."UMTITLE" IS '제목';
   COMMENT ON COLUMN "DBSERVER"."USERMESSAGE"."UMCONTENTS" IS '내용';
   COMMENT ON COLUMN "DBSERVER"."USERMESSAGE"."UMDATE" IS '생성일';
   COMMENT ON COLUMN "DBSERVER"."USERMESSAGE"."CUSID" IS '사용자아이디';
   COMMENT ON TABLE "DBSERVER"."USERMESSAGE"  IS '사용자 쪽지';
--------------------------------------------------------
--  DDL for View STOUSEMILEAGE
--------------------------------------------------------

  CREATE OR REPLACE FORCE VIEW "DBSERVER"."STOUSEMILEAGE" ("STOID", "STONAME", "STOADRESS", "STOLOCNUM", "CUSID", "CUSNAME", "PAYUSEMIL", "PAYDATE") AS 
  select  s.stoid stoid, s.stoname stoname,s.stoadress stoadress, s.stolocnum stolocnum, c.cusid cusid, c.cusname cusname, p.payusemil payusemil, p.paydate paydate
from payment p, store s,  cususer c
where p.stoid = s.stoid and p.cusid = c.cusid
;
--------------------------------------------------------
--  DDL for View SUMMILSTACKUSEMIL
--------------------------------------------------------

  CREATE OR REPLACE FORCE VIEW "DBSERVER"."SUMMILSTACKUSEMIL" ("CUSID", "SUMMILSTACK", "SUMUSEMIL") AS 
  select p.cusid cusid, sum(m.milstack) sumMilstack, sum(p.payusemil) sumUseMil
from payment p , mileage m 
where p.paynum = m.paynum 
group by p.cusid
;
--------------------------------------------------------
--  DDL for View USEMILEAGE
--------------------------------------------------------

  CREATE OR REPLACE FORCE VIEW "DBSERVER"."USEMILEAGE" ("CUSID", "CUSNAME", "STONAME", "USEMIL", "USEDATE") AS 
  select c.cusid as cusid, c.cusname as cusname, s.stoname as stoname, p.payusemil as usemil, p.paydate as usedate
from payment p, store s, cususer c
where s.stoid = p.stoid and p.cusid = c.cusid
;
REM INSERTING into DBSERVER.CUPON
SET DEFINE OFF;
Insert into DBSERVER.CUPON (CUPID,CUPQRNO,CUPDATE,CUPDISCOUNT,CUPUSEDATE,CUPKIND,CUPADVCONTENTS,CUSID,STOID) values (2000006,904300,to_date('21/02/19','RR/MM/DD'),2000,null,'승인','ssss',null,'jungStore');
Insert into DBSERVER.CUPON (CUPID,CUPQRNO,CUPDATE,CUPDISCOUNT,CUPUSEDATE,CUPKIND,CUPADVCONTENTS,CUSID,STOID) values (3000006,997506,to_date('21/02/19','RR/MM/DD'),555000,null,'승인','sjdj',null,'jungStore');
Insert into DBSERVER.CUPON (CUPID,CUPQRNO,CUPDATE,CUPDISCOUNT,CUPUSEDATE,CUPKIND,CUPADVCONTENTS,CUSID,STOID) values (4000006,492421,to_date('21/02/19','RR/MM/DD'),1000,null,'승인','djjd',null,'jungStore');
Insert into DBSERVER.CUPON (CUPID,CUPQRNO,CUPDATE,CUPDISCOUNT,CUPUSEDATE,CUPKIND,CUPADVCONTENTS,CUSID,STOID) values (5000006,351451332,to_date('21/02/23','RR/MM/DD'),5000,to_date('21/03/04','RR/MM/DD'),'승인','광고','lim123','limStore');
Insert into DBSERVER.CUPON (CUPID,CUPQRNO,CUPDATE,CUPDISCOUNT,CUPUSEDATE,CUPKIND,CUPADVCONTENTS,CUSID,STOID) values (6000006,451235468,to_date('21/02/23','RR/MM/DD'),4000,null,'승인','광고2','lim123','limStore');
Insert into DBSERVER.CUPON (CUPID,CUPQRNO,CUPDATE,CUPDISCOUNT,CUPUSEDATE,CUPKIND,CUPADVCONTENTS,CUSID,STOID) values (0,0,to_date('21/02/24','RR/MM/DD'),0,null,'사용','널값처리',null,'leeStore');
Insert into DBSERVER.CUPON (CUPID,CUPQRNO,CUPDATE,CUPDISCOUNT,CUPUSEDATE,CUPKIND,CUPADVCONTENTS,CUSID,STOID) values (1,241451332,to_date('21/02/18','RR/MM/DD'),5000,null,'승인','바겐세일 1','son123','sonStore');
Insert into DBSERVER.CUPON (CUPID,CUPQRNO,CUPDATE,CUPDISCOUNT,CUPUSEDATE,CUPKIND,CUPADVCONTENTS,CUSID,STOID) values (2,250051332,to_date('21/02/18','RR/MM/DD'),3000,null,'승인','바겐세일 2','lim123','limStore');
Insert into DBSERVER.CUPON (CUPID,CUPQRNO,CUPDATE,CUPDISCOUNT,CUPUSEDATE,CUPKIND,CUPADVCONTENTS,CUSID,STOID) values (3,281251332,to_date('21/02/18','RR/MM/DD'),8000,null,'승인','바겐세일 3','la123','laStore');
Insert into DBSERVER.CUPON (CUPID,CUPQRNO,CUPDATE,CUPDISCOUNT,CUPUSEDATE,CUPKIND,CUPADVCONTENTS,CUSID,STOID) values (4,341451332,to_date('21/02/18','RR/MM/DD'),6000,null,'승인','바겐세일 4','sung123','sungStore');
Insert into DBSERVER.CUPON (CUPID,CUPQRNO,CUPDATE,CUPDISCOUNT,CUPUSEDATE,CUPKIND,CUPADVCONTENTS,CUSID,STOID) values (5,861451332,to_date('21/02/18','RR/MM/DD'),7000,null,'사용','바겐세일 5','lee123','leeStore');
Insert into DBSERVER.CUPON (CUPID,CUPQRNO,CUPDATE,CUPDISCOUNT,CUPUSEDATE,CUPKIND,CUPADVCONTENTS,CUSID,STOID) values (6,331451332,to_date('21/02/18','RR/MM/DD'),10000,null,'사용','바겐세일 6','jung123','jungStore');
Insert into DBSERVER.CUPON (CUPID,CUPQRNO,CUPDATE,CUPDISCOUNT,CUPUSEDATE,CUPKIND,CUPADVCONTENTS,CUSID,STOID) values (1000006,106490,to_date('21/02/19','RR/MM/DD'),2000,null,'사용','ssss','q','jungStore');
Insert into DBSERVER.CUPON (CUPID,CUPQRNO,CUPDATE,CUPDISCOUNT,CUPUSEDATE,CUPKIND,CUPADVCONTENTS,CUSID,STOID) values (6000007,843704,to_date('21/03/01','RR/MM/DD'),1000,null,'승인','dddd','jung123','jungStore');
Insert into DBSERVER.CUPON (CUPID,CUPQRNO,CUPDATE,CUPDISCOUNT,CUPUSEDATE,CUPKIND,CUPADVCONTENTS,CUSID,STOID) values (6000008,210162,to_date('21/03/03','RR/MM/DD'),2520,to_date('21/03/03','RR/MM/DD'),'승인','dddddfce','aaaa','jungStore');
Insert into DBSERVER.CUPON (CUPID,CUPQRNO,CUPDATE,CUPDISCOUNT,CUPUSEDATE,CUPKIND,CUPADVCONTENTS,CUSID,STOID) values (6000009,523890,to_date('21/03/03','RR/MM/DD'),25200,null,'비승인','vafji','aaaa','jungStore');
REM INSERTING into DBSERVER.CUSUSER
SET DEFINE OFF;
Insert into DBSERVER.CUSUSER (CUSID,CUSPHONE,CUSPASSWORD,CUSEMAIL,CUSNAME,CUSBIRTH,CUSADRESS,CUSSIGNUPDATE,CUSADV,CUSQRNO,CUSTOTMIL) values ('son123','01012345678','son123','yhr9983@gmail.com','손민구',920813,'대전 유성구 원내동',to_date('21/02/10','RR/MM/DD'),'0 ',1111,3000);
Insert into DBSERVER.CUSUSER (CUSID,CUSPHONE,CUSPASSWORD,CUSEMAIL,CUSNAME,CUSBIRTH,CUSADRESS,CUSSIGNUPDATE,CUSADV,CUSQRNO,CUSTOTMIL) values ('lim123','01023655808','lim123','yhr9983@gmail.com','임채현',880911,'대전 서구 둔산동',to_date('21/02/10','RR/MM/DD'),'0 ',2211,24956);
Insert into DBSERVER.CUSUSER (CUSID,CUSPHONE,CUSPASSWORD,CUSEMAIL,CUSNAME,CUSBIRTH,CUSADRESS,CUSSIGNUPDATE,CUSADV,CUSQRNO,CUSTOTMIL) values ('la123','01012345678','la123','yhr9983@gmail.com','라용호',900527,'대전 중구 산성동',to_date('21/02/10','RR/MM/DD'),'0 ',1111,3000);
Insert into DBSERVER.CUSUSER (CUSID,CUSPHONE,CUSPASSWORD,CUSEMAIL,CUSNAME,CUSBIRTH,CUSADRESS,CUSSIGNUPDATE,CUSADV,CUSQRNO,CUSTOTMIL) values ('sung123','01012345678','sung123','yhr9983@gmail.com','성요셉',921212,'대전 중구 목동',to_date('21/02/10','RR/MM/DD'),'0 ',1122,3000);
Insert into DBSERVER.CUSUSER (CUSID,CUSPHONE,CUSPASSWORD,CUSEMAIL,CUSNAME,CUSBIRTH,CUSADRESS,CUSSIGNUPDATE,CUSADV,CUSQRNO,CUSTOTMIL) values ('lee123','01012345678','lee123','yhr9983@gmail.com','이규홍',960305,'대전 서구 탄방동',to_date('21/02/10','RR/MM/DD'),'0 ',1221,3000);
Insert into DBSERVER.CUSUSER (CUSID,CUSPHONE,CUSPASSWORD,CUSEMAIL,CUSNAME,CUSBIRTH,CUSADRESS,CUSSIGNUPDATE,CUSADV,CUSQRNO,CUSTOTMIL) values ('jung123','01012345678','jung123','yhr9983@gmail.com','정다현',981023,'대전 대덕구 법동',to_date('21/02/10','RR/MM/DD'),'0 ',1333,3000);
Insert into DBSERVER.CUSUSER (CUSID,CUSPHONE,CUSPASSWORD,CUSEMAIL,CUSNAME,CUSBIRTH,CUSADRESS,CUSSIGNUPDATE,CUSADV,CUSQRNO,CUSTOTMIL) values ('test11','01036932582','test11','yhr9983@gmail.com','test11',111111,'서울 강서구 마곡동로 30',to_date('21/02/19','RR/MM/DD'),'0 ',0,3000);
Insert into DBSERVER.CUSUSER (CUSID,CUSPHONE,CUSPASSWORD,CUSEMAIL,CUSNAME,CUSBIRTH,CUSADRESS,CUSSIGNUPDATE,CUSADV,CUSQRNO,CUSTOTMIL) values ('test111','01078974545','123','yhr9983@gmail.com','한상준',960124,'대전',to_date('21/02/19','RR/MM/DD'),'1 ',0,3000);
Insert into DBSERVER.CUSUSER (CUSID,CUSPHONE,CUSPASSWORD,CUSEMAIL,CUSNAME,CUSBIRTH,CUSADRESS,CUSSIGNUPDATE,CUSADV,CUSQRNO,CUSTOTMIL) values ('la1231','01011111111','la123','yhr9983@gmail.com','몰라',12341,'대전 서구 계백로 1364',to_date('21/02/15','RR/MM/DD'),'1 ',0,3000);
Insert into DBSERVER.CUSUSER (CUSID,CUSPHONE,CUSPASSWORD,CUSEMAIL,CUSNAME,CUSBIRTH,CUSADRESS,CUSSIGNUPDATE,CUSADV,CUSQRNO,CUSTOTMIL) values ('la12311','010-3131-3131','la12311','yhr9983@gmail.com','몰라',123112,'대전 서구 계백로 1353',to_date('21/02/15','RR/MM/DD'),'1 ',0,3000);
Insert into DBSERVER.CUSUSER (CUSID,CUSPHONE,CUSPASSWORD,CUSEMAIL,CUSNAME,CUSBIRTH,CUSADRESS,CUSSIGNUPDATE,CUSADV,CUSQRNO,CUSTOTMIL) values ('aaaa','010-3131-3131','aaaa','yhr9983@gmail.com','몰라',123112,'서울 노원구 마들로 55',to_date('21/02/16','RR/MM/DD'),'0 ',0,3000);
Insert into DBSERVER.CUSUSER (CUSID,CUSPHONE,CUSPASSWORD,CUSEMAIL,CUSNAME,CUSBIRTH,CUSADRESS,CUSSIGNUPDATE,CUSADV,CUSQRNO,CUSTOTMIL) values ('test2','01012341234','test2','yhr9983@gmail.com','test2',123112,'부산 해운대구 APEC로 30',to_date('21/02/16','RR/MM/DD'),'1 ',0,3000);
Insert into DBSERVER.CUSUSER (CUSID,CUSPHONE,CUSPASSWORD,CUSEMAIL,CUSNAME,CUSBIRTH,CUSADRESS,CUSSIGNUPDATE,CUSADV,CUSQRNO,CUSTOTMIL) values ('asss','0100101011','aaaa','yhr9983@gmail.com','몰라',111111,'서울 강서구 마곡동 801-8',to_date('21/02/22','RR/MM/DD'),'1 ',0,3000);
Insert into DBSERVER.CUSUSER (CUSID,CUSPHONE,CUSPASSWORD,CUSEMAIL,CUSNAME,CUSBIRTH,CUSADRESS,CUSSIGNUPDATE,CUSADV,CUSQRNO,CUSTOTMIL) values ('q','01001000000','q','yhr9983@gmail.com','큐큐큐',458787,'서울 강북구 덕릉로 93',to_date('21/02/18','RR/MM/DD'),'1 ',1234,2919);
Insert into DBSERVER.CUSUSER (CUSID,CUSPHONE,CUSPASSWORD,CUSEMAIL,CUSNAME,CUSBIRTH,CUSADRESS,CUSSIGNUPDATE,CUSADV,CUSQRNO,CUSTOTMIL) values ('qq','01011111213','hiozyhbjxczy','yhr9983@gmail.com','큐큐',123412,'여긴어디',to_date('21/02/21','RR/MM/DD'),'1 ',1234,3000);
Insert into DBSERVER.CUSUSER (CUSID,CUSPHONE,CUSPASSWORD,CUSEMAIL,CUSNAME,CUSBIRTH,CUSADRESS,CUSSIGNUPDATE,CUSADV,CUSQRNO,CUSTOTMIL) values ('qqqq','0107897454','qqqq','yhr9983@gmail.com','몰라',123112,'서울 강서구 마곡서로 9',to_date('21/02/22','RR/MM/DD'),'1 ',0,3000);
Insert into DBSERVER.CUSUSER (CUSID,CUSPHONE,CUSPASSWORD,CUSEMAIL,CUSNAME,CUSBIRTH,CUSADRESS,CUSSIGNUPDATE,CUSADV,CUSQRNO,CUSTOTMIL) values ('test1111','01078974547','test1111','yhr9983@gmail.com','몰라',123112,'부산 해운대구 APEC로 17',to_date('21/02/22','RR/MM/DD'),'0 ',0,3000);
Insert into DBSERVER.CUSUSER (CUSID,CUSPHONE,CUSPASSWORD,CUSEMAIL,CUSNAME,CUSBIRTH,CUSADRESS,CUSSIGNUPDATE,CUSADV,CUSQRNO,CUSTOTMIL) values ('test123','01078974145','test123','yhr9983@gmail.com','테스트',123112,'서울 강남구 밤고개로 76-2',to_date('21/02/23','RR/MM/DD'),'1 ',1307,3000);
Insert into DBSERVER.CUSUSER (CUSID,CUSPHONE,CUSPASSWORD,CUSEMAIL,CUSNAME,CUSBIRTH,CUSADRESS,CUSSIGNUPDATE,CUSADV,CUSQRNO,CUSTOTMIL) values ('test1233','01018974547','test1233','yhr9983@gmail.com','테스트',12341,'서울 강서구 발산로 40',to_date('21/02/23','RR/MM/DD'),'1 ',18060,3000);
Insert into DBSERVER.CUSUSER (CUSID,CUSPHONE,CUSPASSWORD,CUSEMAIL,CUSNAME,CUSBIRTH,CUSADRESS,CUSSIGNUPDATE,CUSADV,CUSQRNO,CUSTOTMIL) values ('test14','01078974541','test14','yhr9983@gmail.com','몰라',123112,'서울 강서구 마곡중앙로 11',to_date('21/02/23','RR/MM/DD'),'1 ',19828,3000);
Insert into DBSERVER.CUSUSER (CUSID,CUSPHONE,CUSPASSWORD,CUSEMAIL,CUSNAME,CUSBIRTH,CUSADRESS,CUSSIGNUPDATE,CUSADV,CUSQRNO,CUSTOTMIL) values ('test141','01078974148','test141','yhr9983@gmail.com','몰라',123112,'서울 강서구 마곡동 801-8',to_date('21/02/23','RR/MM/DD'),'0 ',158820,3000);
REM INSERTING into DBSERVER.MANAGER
SET DEFINE OFF;
Insert into DBSERVER.MANAGER (MANID,MANPASSWORD,MANNAME,MANAUTHORITY,MANPHONE,MANEMAIL) values ('sonMaster','sonmaster','손민구','0','1022556622','son123@test.com');
Insert into DBSERVER.MANAGER (MANID,MANPASSWORD,MANNAME,MANAUTHORITY,MANPHONE,MANEMAIL) values ('limmaster','limmaster','임채현','1','1032556622','lim123@test.com');
Insert into DBSERVER.MANAGER (MANID,MANPASSWORD,MANNAME,MANAUTHORITY,MANPHONE,MANEMAIL) values ('lamaster','lamaster','라용호','0','1022556622','la123@test.com');
Insert into DBSERVER.MANAGER (MANID,MANPASSWORD,MANNAME,MANAUTHORITY,MANPHONE,MANEMAIL) values ('sungMaster','sungmaster','성요셉','1','1022556622','sung123@test.com');
Insert into DBSERVER.MANAGER (MANID,MANPASSWORD,MANNAME,MANAUTHORITY,MANPHONE,MANEMAIL) values ('leeMaster','leemaster','이규홍','0','1022556622','lee123@test.com');
Insert into DBSERVER.MANAGER (MANID,MANPASSWORD,MANNAME,MANAUTHORITY,MANPHONE,MANEMAIL) values ('jungMaster','sungmaster','정다현','1','1022556622','jung123@test.com');
Insert into DBSERVER.MANAGER (MANID,MANPASSWORD,MANNAME,MANAUTHORITY,MANPHONE,MANEMAIL) values ('z','z','z','0','1022556622','jung123@test.com');
Insert into DBSERVER.MANAGER (MANID,MANPASSWORD,MANNAME,MANAUTHORITY,MANPHONE,MANEMAIL) values ('zz','zz','zz','1','1022556622','jung123@test.com');
REM INSERTING into DBSERVER.MILEAGE
SET DEFINE OFF;
Insert into DBSERVER.MILEAGE (MILNO,MILSTACK,PAYNUM,CUSID,MILDATE) values (1256,10,21,'q',to_date('21/03/02','RR/MM/DD'));
Insert into DBSERVER.MILEAGE (MILNO,MILSTACK,PAYNUM,CUSID,MILDATE) values (1255,9,20,'q',to_date('21/03/02','RR/MM/DD'));
REM INSERTING into DBSERVER.NTC
SET DEFINE OFF;
Insert into DBSERVER.NTC (NTCNO,NTCTITLE,NTCCONTENTS,NTCITWRITER,NTCDATE,NTCVIEWS) values (1,'공지사항1','공지사항 내용1','sonMaster',to_date('21/02/10','RR/MM/DD'),0);
Insert into DBSERVER.NTC (NTCNO,NTCTITLE,NTCCONTENTS,NTCITWRITER,NTCDATE,NTCVIEWS) values (2,'공지사항2','공지사항 내용2','limMaster',to_date('21/02/10','RR/MM/DD'),0);
Insert into DBSERVER.NTC (NTCNO,NTCTITLE,NTCCONTENTS,NTCITWRITER,NTCDATE,NTCVIEWS) values (3,'공지사항3','공지사항 내용3','laMaster',to_date('21/02/10','RR/MM/DD'),0);
Insert into DBSERVER.NTC (NTCNO,NTCTITLE,NTCCONTENTS,NTCITWRITER,NTCDATE,NTCVIEWS) values (4,'공지사항4','공지사항 내용4','sungMaster',to_date('21/02/10','RR/MM/DD'),0);
Insert into DBSERVER.NTC (NTCNO,NTCTITLE,NTCCONTENTS,NTCITWRITER,NTCDATE,NTCVIEWS) values (5,'공지사항5','공지사항 내용5','leeMaster',to_date('21/02/10','RR/MM/DD'),0);
Insert into DBSERVER.NTC (NTCNO,NTCTITLE,NTCCONTENTS,NTCITWRITER,NTCDATE,NTCVIEWS) values (6,'공지사항6','공지사항 내용6','jungMaster',to_date('21/02/10','RR/MM/DD'),0);
Insert into DBSERVER.NTC (NTCNO,NTCTITLE,NTCCONTENTS,NTCITWRITER,NTCDATE,NTCVIEWS) values (7,'qqqq','qqqqqq','q',to_date('21/02/26','RR/MM/DD'),0);
Insert into DBSERVER.NTC (NTCNO,NTCTITLE,NTCCONTENTS,NTCITWRITER,NTCDATE,NTCVIEWS) values (10,'q','a','z',to_date('21/03/01','RR/MM/DD'),0);
Insert into DBSERVER.NTC (NTCNO,NTCTITLE,NTCCONTENTS,NTCITWRITER,NTCDATE,NTCVIEWS) values (9,'zzz','zzz','q',to_date('21/02/26','RR/MM/DD'),0);
Insert into DBSERVER.NTC (NTCNO,NTCTITLE,NTCCONTENTS,NTCITWRITER,NTCDATE,NTCVIEWS) values (8,'qq','qqqq','q',to_date('21/02/26','RR/MM/DD'),0);
Insert into DBSERVER.NTC (NTCNO,NTCTITLE,NTCCONTENTS,NTCITWRITER,NTCDATE,NTCVIEWS) values (11,'a','as','z',to_date('21/03/01','RR/MM/DD'),0);
Insert into DBSERVER.NTC (NTCNO,NTCTITLE,NTCCONTENTS,NTCITWRITER,NTCDATE,NTCVIEWS) values (12,'aas','asas','z',to_date('21/03/01','RR/MM/DD'),0);
Insert into DBSERVER.NTC (NTCNO,NTCTITLE,NTCCONTENTS,NTCITWRITER,NTCDATE,NTCVIEWS) values (13,'테스트','테스트','lamaster',to_date('21/03/02','RR/MM/DD'),0);
Insert into DBSERVER.NTC (NTCNO,NTCTITLE,NTCCONTENTS,NTCITWRITER,NTCDATE,NTCVIEWS) values (14,'ssss','assssssssssssssss','lamaster',to_date('21/03/02','RR/MM/DD'),0);
REM INSERTING into DBSERVER.PAYMENT
SET DEFINE OFF;
Insert into DBSERVER.PAYMENT (PAYNUM,PAYACO,PAYREAL,PAYDATE,PAYUSEMIL,PAYTYPE,STOID,CUSID,CUPID,MILSTACK) values (1,5500,2000,to_date('21/02/26','RR/MM/DD'),3500,'1 ','limStore','lim123',0,20);
Insert into DBSERVER.PAYMENT (PAYNUM,PAYACO,PAYREAL,PAYDATE,PAYUSEMIL,PAYTYPE,STOID,CUSID,CUPID,MILSTACK) values (3,7000,2000,to_date('21/02/26','RR/MM/DD'),0,'1 ','limStore','lim123',5000006,20);
Insert into DBSERVER.PAYMENT (PAYNUM,PAYACO,PAYREAL,PAYDATE,PAYUSEMIL,PAYTYPE,STOID,CUSID,CUPID,MILSTACK) values (2,8000,2000,to_date('21/02/26','RR/MM/DD'),6000,'1 ','limStore','lim123',0,20);
Insert into DBSERVER.PAYMENT (PAYNUM,PAYACO,PAYREAL,PAYDATE,PAYUSEMIL,PAYTYPE,STOID,CUSID,CUPID,MILSTACK) values (4,6000,2480,to_date('21/02/27','RR/MM/DD'),3520,'1 ','limStore','lim123',0,24);
Insert into DBSERVER.PAYMENT (PAYNUM,PAYACO,PAYREAL,PAYDATE,PAYUSEMIL,PAYTYPE,STOID,CUSID,CUPID,MILSTACK) values (5,7000,2000,to_date('21/03/01','RR/MM/DD'),2000,'1 ','limStore','lim123',2,20);
Insert into DBSERVER.PAYMENT (PAYNUM,PAYACO,PAYREAL,PAYDATE,PAYUSEMIL,PAYTYPE,STOID,CUSID,CUPID,MILSTACK) values (6,10000,6000,to_date('21/03/01','RR/MM/DD'),0,'1 ','limStore','lim123',6000006,60);
Insert into DBSERVER.PAYMENT (PAYNUM,PAYACO,PAYREAL,PAYDATE,PAYUSEMIL,PAYTYPE,STOID,CUSID,CUPID,MILSTACK) values (7,2000,1000,to_date('21/03/01','RR/MM/DD'),1000,'1 ','a','lim123',0,10);
Insert into DBSERVER.PAYMENT (PAYNUM,PAYACO,PAYREAL,PAYDATE,PAYUSEMIL,PAYTYPE,STOID,CUSID,CUPID,MILSTACK) values (8,10000,0,to_date('21/03/02','RR/MM/DD'),2000,'1 ','aa','lim123',0,0);
Insert into DBSERVER.PAYMENT (PAYNUM,PAYACO,PAYREAL,PAYDATE,PAYUSEMIL,PAYTYPE,STOID,CUSID,CUPID,MILSTACK) values (9,1000,0,to_date('21/03/02','RR/MM/DD'),100,'1 ','aa','lim123',0,0);
Insert into DBSERVER.PAYMENT (PAYNUM,PAYACO,PAYREAL,PAYDATE,PAYUSEMIL,PAYTYPE,STOID,CUSID,CUPID,MILSTACK) values (10,10000,0,to_date('21/03/02','RR/MM/DD'),1000,'1 ','aa','lim123',0,0);
Insert into DBSERVER.PAYMENT (PAYNUM,PAYACO,PAYREAL,PAYDATE,PAYUSEMIL,PAYTYPE,STOID,CUSID,CUPID,MILSTACK) values (11,10000,1000,to_date('21/03/02','RR/MM/DD'),6000,'1 ','limStore','lim123',2,10);
Insert into DBSERVER.PAYMENT (PAYNUM,PAYACO,PAYREAL,PAYDATE,PAYUSEMIL,PAYTYPE,STOID,CUSID,CUPID,MILSTACK) values (12,2000,1000,to_date('21/03/02','RR/MM/DD'),1000,'1 ','limStore','lim123',0,10);
Insert into DBSERVER.PAYMENT (PAYNUM,PAYACO,PAYREAL,PAYDATE,PAYUSEMIL,PAYTYPE,STOID,CUSID,CUPID,MILSTACK) values (13,2000,900,to_date('21/03/02','RR/MM/DD'),1100,'1 ','limStore','lim123',0,9);
Insert into DBSERVER.PAYMENT (PAYNUM,PAYACO,PAYREAL,PAYDATE,PAYUSEMIL,PAYTYPE,STOID,CUSID,CUPID,MILSTACK) values (14,2000,1000,to_date('21/03/02','RR/MM/DD'),1000,'1 ','limStore','lim123',0,10);
Insert into DBSERVER.PAYMENT (PAYNUM,PAYACO,PAYREAL,PAYDATE,PAYUSEMIL,PAYTYPE,STOID,CUSID,CUPID,MILSTACK) values (15,2000,1000,to_date('21/03/02','RR/MM/DD'),1000,'1 ','limStore','lim123',0,10);
Insert into DBSERVER.PAYMENT (PAYNUM,PAYACO,PAYREAL,PAYDATE,PAYUSEMIL,PAYTYPE,STOID,CUSID,CUPID,MILSTACK) values (16,12000,2000,to_date('21/03/02','RR/MM/DD'),5000,'1 ','limStore','lim123',5000006,20);
Insert into DBSERVER.PAYMENT (PAYNUM,PAYACO,PAYREAL,PAYDATE,PAYUSEMIL,PAYTYPE,STOID,CUSID,CUPID,MILSTACK) values (17,6000,1000,to_date('21/03/02','RR/MM/DD'),2000,'1 ','limStore','lim123',2,10);
Insert into DBSERVER.PAYMENT (PAYNUM,PAYACO,PAYREAL,PAYDATE,PAYUSEMIL,PAYTYPE,STOID,CUSID,CUPID,MILSTACK) values (18,3000,2886,to_date('21/03/02','RR/MM/DD'),114,'1 ','limStore','lim123',0,28);
Insert into DBSERVER.PAYMENT (PAYNUM,PAYACO,PAYREAL,PAYDATE,PAYUSEMIL,PAYTYPE,STOID,CUSID,CUPID,MILSTACK) values (19,2000,1886,to_date('21/03/02','RR/MM/DD'),114,'1 ','limStore','lim123',0,18);
Insert into DBSERVER.PAYMENT (PAYNUM,PAYACO,PAYREAL,PAYDATE,PAYUSEMIL,PAYTYPE,STOID,CUSID,CUPID,MILSTACK) values (20,3000,900,to_date('21/03/02','RR/MM/DD'),100,'0 ','jungStore','q',1000006,9);
Insert into DBSERVER.PAYMENT (PAYNUM,PAYACO,PAYREAL,PAYDATE,PAYUSEMIL,PAYTYPE,STOID,CUSID,CUPID,MILSTACK) values (21,1000,1000,to_date('21/03/02','RR/MM/DD'),0,'0 ','jungStore','q',0,10);
Insert into DBSERVER.PAYMENT (PAYNUM,PAYACO,PAYREAL,PAYDATE,PAYUSEMIL,PAYTYPE,STOID,CUSID,CUPID,MILSTACK) values (22,10000,9000,to_date('21/03/02','RR/MM/DD'),1000,'1 ','jungStore','lim123',0,90);
Insert into DBSERVER.PAYMENT (PAYNUM,PAYACO,PAYREAL,PAYDATE,PAYUSEMIL,PAYTYPE,STOID,CUSID,CUPID,MILSTACK) values (23,1000,892,to_date('21/03/03','RR/MM/DD'),108,'1 ','limStore','lim123',0,8);
Insert into DBSERVER.PAYMENT (PAYNUM,PAYACO,PAYREAL,PAYDATE,PAYUSEMIL,PAYTYPE,STOID,CUSID,CUPID,MILSTACK) values (24,5000,992,to_date('21/03/03','RR/MM/DD'),8,'1 ','limStore','lim123',6000006,9);
Insert into DBSERVER.PAYMENT (PAYNUM,PAYACO,PAYREAL,PAYDATE,PAYUSEMIL,PAYTYPE,STOID,CUSID,CUPID,MILSTACK) values (25,12000,1354,to_date('21/03/03','RR/MM/DD'),5646,'1 ','limStore','lim123',5000006,13);
Insert into DBSERVER.PAYMENT (PAYNUM,PAYACO,PAYREAL,PAYDATE,PAYUSEMIL,PAYTYPE,STOID,CUSID,CUPID,MILSTACK) values (26,10000,1000,to_date('21/03/03','RR/MM/DD'),5000,'1 ','limStore','lim123',6000006,10);
Insert into DBSERVER.PAYMENT (PAYNUM,PAYACO,PAYREAL,PAYDATE,PAYUSEMIL,PAYTYPE,STOID,CUSID,CUPID,MILSTACK) values (27,10000,1034,to_date('21/03/04','RR/MM/DD'),3966,'1 ','limStore','lim123',5000006,10);
Insert into DBSERVER.PAYMENT (PAYNUM,PAYACO,PAYREAL,PAYDATE,PAYUSEMIL,PAYTYPE,STOID,CUSID,CUPID,MILSTACK) values (28,8000,3000,to_date('21/03/04','RR/MM/DD'),0,'1 ','limStore','lim123',5000006,30);
REM INSERTING into DBSERVER.QNA
SET DEFINE OFF;
Insert into DBSERVER.QNA (QNANO,QNATITLE,QNACONTENTS,QNAWRITER,QNACREATEDATE) values (1,'QnA1','QnA 내용1','son123',to_date('21/02/10','RR/MM/DD'));
Insert into DBSERVER.QNA (QNANO,QNATITLE,QNACONTENTS,QNAWRITER,QNACREATEDATE) values (2,'QnA2','QnA 내용2','lim123',to_date('21/02/10','RR/MM/DD'));
Insert into DBSERVER.QNA (QNANO,QNATITLE,QNACONTENTS,QNAWRITER,QNACREATEDATE) values (3,'QnA3','QnA 내용3','la123',to_date('21/02/10','RR/MM/DD'));
Insert into DBSERVER.QNA (QNANO,QNATITLE,QNACONTENTS,QNAWRITER,QNACREATEDATE) values (4,'QnA4','QnA 내용44','sung123',to_date('21/02/10','RR/MM/DD'));
Insert into DBSERVER.QNA (QNANO,QNATITLE,QNACONTENTS,QNAWRITER,QNACREATEDATE) values (5,'QnA5','QnA 내용5','lee123',to_date('21/02/10','RR/MM/DD'));
Insert into DBSERVER.QNA (QNANO,QNATITLE,QNACONTENTS,QNAWRITER,QNACREATEDATE) values (6,'QnA6','QnA 내용6','jung123',to_date('21/02/10','RR/MM/DD'));
Insert into DBSERVER.QNA (QNANO,QNATITLE,QNACONTENTS,QNAWRITER,QNACREATEDATE) values (7,'q','q','q',to_date('21/02/25','RR/MM/DD'));
Insert into DBSERVER.QNA (QNANO,QNATITLE,QNACONTENTS,QNAWRITER,QNACREATEDATE) values (8,'qq','qq','q',to_date('21/02/25','RR/MM/DD'));
Insert into DBSERVER.QNA (QNANO,QNATITLE,QNACONTENTS,QNAWRITER,QNACREATEDATE) values (9,'qq','qqqq','q',to_date('21/02/25','RR/MM/DD'));
Insert into DBSERVER.QNA (QNANO,QNATITLE,QNACONTENTS,QNAWRITER,QNACREATEDATE) values (10,'q','qqq','q',to_date('21/02/25','RR/MM/DD'));
Insert into DBSERVER.QNA (QNANO,QNATITLE,QNACONTENTS,QNAWRITER,QNACREATEDATE) values (11,'qq','qq','q',to_date('21/02/25','RR/MM/DD'));
Insert into DBSERVER.QNA (QNANO,QNATITLE,QNACONTENTS,QNAWRITER,QNACREATEDATE) values (12,'qqqqq','qqqq','q',to_date('21/02/25','RR/MM/DD'));
Insert into DBSERVER.QNA (QNANO,QNATITLE,QNACONTENTS,QNAWRITER,QNACREATEDATE) values (13,'qqq','qqqqq','q',to_date('21/02/25','RR/MM/DD'));
Insert into DBSERVER.QNA (QNANO,QNATITLE,QNACONTENTS,QNAWRITER,QNACREATEDATE) values (15,'22244','333322','q',to_date('21/02/25','RR/MM/DD'));
Insert into DBSERVER.QNA (QNANO,QNATITLE,QNACONTENTS,QNAWRITER,QNACREATEDATE) values (20,'안녕하세요. 믿을 수 ','       박물관 미션투어에 관심과 ','q',to_date('21/03/05','RR/MM/DD'));
Insert into DBSERVER.QNA (QNANO,QNATITLE,QNACONTENTS,QNAWRITER,QNACREATEDATE) values (19,'글을 써보겠습니다.','글이 잘써지네요','sung123',to_date('21/02/28','RR/MM/DD'));
REM INSERTING into DBSERVER.QNAREPLY
SET DEFINE OFF;
Insert into DBSERVER.QNAREPLY (RENO,REWRITER,RECONTENTS,REDATE,QNANO) values (1,'sonMaster','Re 내용1',to_date('21/02/10','RR/MM/DD'),1);
Insert into DBSERVER.QNAREPLY (RENO,REWRITER,RECONTENTS,REDATE,QNANO) values (2,'limMaster','Re 내용2',to_date('21/02/10','RR/MM/DD'),2);
Insert into DBSERVER.QNAREPLY (RENO,REWRITER,RECONTENTS,REDATE,QNANO) values (3,'laMaster','Re 내용3',to_date('21/02/10','RR/MM/DD'),3);
Insert into DBSERVER.QNAREPLY (RENO,REWRITER,RECONTENTS,REDATE,QNANO) values (4,'sungMaster','Re 내용4',to_date('21/02/10','RR/MM/DD'),4);
Insert into DBSERVER.QNAREPLY (RENO,REWRITER,RECONTENTS,REDATE,QNANO) values (5,'leeMaster','Re 내용5',to_date('21/02/10','RR/MM/DD'),5);
Insert into DBSERVER.QNAREPLY (RENO,REWRITER,RECONTENTS,REDATE,QNANO) values (6,'jungMaster','Re 내용6',to_date('21/02/10','RR/MM/DD'),6);
Insert into DBSERVER.QNAREPLY (RENO,REWRITER,RECONTENTS,REDATE,QNANO) values (8,'q','fhghfgh',to_date('21/03/04','RR/MM/DD'),19);
Insert into DBSERVER.QNAREPLY (RENO,REWRITER,RECONTENTS,REDATE,QNANO) values (9,'q','asdasd',to_date('21/03/04','RR/MM/DD'),19);
Insert into DBSERVER.QNAREPLY (RENO,REWRITER,RECONTENTS,REDATE,QNANO) values (10,'q','sadadad',to_date('21/03/04','RR/MM/DD'),19);
Insert into DBSERVER.QNAREPLY (RENO,REWRITER,RECONTENTS,REDATE,QNANO) values (7,'q','fhghfgh',to_date('21/03/04','RR/MM/DD'),19);
Insert into DBSERVER.QNAREPLY (RENO,REWRITER,RECONTENTS,REDATE,QNANO) values (11,'q','qweqeqeqw',to_date('21/03/04','RR/MM/DD'),19);
Insert into DBSERVER.QNAREPLY (RENO,REWRITER,RECONTENTS,REDATE,QNANO) values (12,'q','asdadasd',to_date('21/03/04','RR/MM/DD'),19);
Insert into DBSERVER.QNAREPLY (RENO,REWRITER,RECONTENTS,REDATE,QNANO) values (13,'q','asdadasd',to_date('21/03/04','RR/MM/DD'),19);
Insert into DBSERVER.QNAREPLY (RENO,REWRITER,RECONTENTS,REDATE,QNANO) values (14,'q','qeqeqeq',to_date('21/03/04','RR/MM/DD'),19);
Insert into DBSERVER.QNAREPLY (RENO,REWRITER,RECONTENTS,REDATE,QNANO) values (15,'q','adadadad',to_date('21/03/04','RR/MM/DD'),19);
Insert into DBSERVER.QNAREPLY (RENO,REWRITER,RECONTENTS,REDATE,QNANO) values (18,'son123','asd',to_date('21/03/05','RR/MM/DD'),20);
Insert into DBSERVER.QNAREPLY (RENO,REWRITER,RECONTENTS,REDATE,QNANO) values (16,'son123','asd',to_date('21/03/05','RR/MM/DD'),20);
Insert into DBSERVER.QNAREPLY (RENO,REWRITER,RECONTENTS,REDATE,QNANO) values (17,'son123','asd',to_date('21/03/05','RR/MM/DD'),20);
Insert into DBSERVER.QNAREPLY (RENO,REWRITER,RECONTENTS,REDATE,QNANO) values (19,'son123','asd',to_date('21/03/05','RR/MM/DD'),20);
Insert into DBSERVER.QNAREPLY (RENO,REWRITER,RECONTENTS,REDATE,QNANO) values (25,'z','zxczcx',to_date('21/03/05','RR/MM/DD'),20);
Insert into DBSERVER.QNAREPLY (RENO,REWRITER,RECONTENTS,REDATE,QNANO) values (21,'q','asdasd',to_date('21/03/05','RR/MM/DD'),20);
Insert into DBSERVER.QNAREPLY (RENO,REWRITER,RECONTENTS,REDATE,QNANO) values (22,'q','asdasdasd',to_date('21/03/05','RR/MM/DD'),20);
Insert into DBSERVER.QNAREPLY (RENO,REWRITER,RECONTENTS,REDATE,QNANO) values (23,'q','asdasdasdasd',to_date('21/03/05','RR/MM/DD'),20);
Insert into DBSERVER.QNAREPLY (RENO,REWRITER,RECONTENTS,REDATE,QNANO) values (24,'z','zzzz',to_date('21/03/05','RR/MM/DD'),20);
Insert into DBSERVER.QNAREPLY (RENO,REWRITER,RECONTENTS,REDATE,QNANO) values (26,'z','sdasdad',to_date('21/03/05','RR/MM/DD'),20);
Insert into DBSERVER.QNAREPLY (RENO,REWRITER,RECONTENTS,REDATE,QNANO) values (27,'z','아이우에오',to_date('21/03/05','RR/MM/DD'),20);
Insert into DBSERVER.QNAREPLY (RENO,REWRITER,RECONTENTS,REDATE,QNANO) values (28,'z','a',to_date('21/03/05','RR/MM/DD'),20);
Insert into DBSERVER.QNAREPLY (RENO,REWRITER,RECONTENTS,REDATE,QNANO) values (29,'z','z',to_date('21/03/05','RR/MM/DD'),20);
Insert into DBSERVER.QNAREPLY (RENO,REWRITER,RECONTENTS,REDATE,QNANO) values (30,'z','dfdsfgsdhdfghdfghdghdgdhdghdgdgh',to_date('21/03/05','RR/MM/DD'),20);
Insert into DBSERVER.QNAREPLY (RENO,REWRITER,RECONTENTS,REDATE,QNANO) values (31,'z','asdasdasd',to_date('21/03/05','RR/MM/DD'),20);
REM INSERTING into DBSERVER.STORE
SET DEFINE OFF;
Insert into DBSERVER.STORE (STOID,STOPHONE,STOPASSWORD,STOEMAIL,STONAME,STOADRESS,STOBUINUM,STOSIGNDATE,STOLOCNUM,STOSIGNAPP) values ('a','01001010101','a','yhr9983@gmail.com','에에에','서울 강북구 방학로 384',111111111,to_date('21/02/16','RR/MM/DD'),'042','1');
Insert into DBSERVER.STORE (STOID,STOPHONE,STOPASSWORD,STOEMAIL,STONAME,STOADRESS,STOBUINUM,STOSIGNDATE,STOLOCNUM,STOSIGNAPP) values ('aa','01012341234','aa','yhr9983@gmail.com','어디여','오디지',111111122,to_date('21/02/16','RR/MM/DD'),'042','1');
Insert into DBSERVER.STORE (STOID,STOPHONE,STOPASSWORD,STOEMAIL,STONAME,STOADRESS,STOBUINUM,STOSIGNDATE,STOLOCNUM,STOSIGNAPP) values ('sonStore','01012345678','sonstore','yhr9983@gmail.com','손다방','대전 유성구 원내동',0,to_date('21/02/16','RR/MM/DD'),'02','1');
Insert into DBSERVER.STORE (STOID,STOPHONE,STOPASSWORD,STOEMAIL,STONAME,STOADRESS,STOBUINUM,STOSIGNDATE,STOLOCNUM,STOSIGNAPP) values ('limStore','01023655808','limstore','yhr9983@gmail.com','임다방','대전 서구 둔산동',1110,to_date('21/02/16','RR/MM/DD'),'07','1');
Insert into DBSERVER.STORE (STOID,STOPHONE,STOPASSWORD,STOEMAIL,STONAME,STOADRESS,STOBUINUM,STOSIGNDATE,STOLOCNUM,STOSIGNAPP) values ('laStore','01012345678','lastore','yhr9983@gmail.com','라다방','대전 중구 산성동',1111622,to_date('21/02/16','RR/MM/DD'),'17','1');
Insert into DBSERVER.STORE (STOID,STOPHONE,STOPASSWORD,STOEMAIL,STONAME,STOADRESS,STOBUINUM,STOSIGNDATE,STOLOCNUM,STOSIGNAPP) values ('sungStore','01012345678','sungstore','yhr9983@gmail.com','성다방','대전 중구 목동',525222,to_date('21/02/16','RR/MM/DD'),'37','1');
Insert into DBSERVER.STORE (STOID,STOPHONE,STOPASSWORD,STOEMAIL,STONAME,STOADRESS,STOBUINUM,STOSIGNDATE,STOLOCNUM,STOSIGNAPP) values ('leeStore','01012345678','leestore','yhr9983@gmail.com','이다방','대전 서구 탄방동',3332222,to_date('21/02/16','RR/MM/DD'),'12','1');
Insert into DBSERVER.STORE (STOID,STOPHONE,STOPASSWORD,STOEMAIL,STONAME,STOADRESS,STOBUINUM,STOSIGNDATE,STOLOCNUM,STOSIGNAPP) values ('jungStore','01012345678','jungstore','yhr9983@gmail.com','정다방','대전 대덕구 법동',8526522,to_date('21/02/16','RR/MM/DD'),'33','1');
REM INSERTING into DBSERVER.STOREBOARD
SET DEFINE OFF;
Insert into DBSERVER.STOREBOARD (SBNO,SBIMAGEFILENAME,SBDATE,SINO) values (1,'소개이미지1',to_date('21/02/16','RR/MM/DD'),1);
Insert into DBSERVER.STOREBOARD (SBNO,SBIMAGEFILENAME,SBDATE,SINO) values (2,'소개이미지2',to_date('21/02/16','RR/MM/DD'),2);
Insert into DBSERVER.STOREBOARD (SBNO,SBIMAGEFILENAME,SBDATE,SINO) values (3,'소개이미지3',to_date('21/02/16','RR/MM/DD'),3);
Insert into DBSERVER.STOREBOARD (SBNO,SBIMAGEFILENAME,SBDATE,SINO) values (4,'소개이미지4',to_date('21/02/16','RR/MM/DD'),4);
Insert into DBSERVER.STOREBOARD (SBNO,SBIMAGEFILENAME,SBDATE,SINO) values (5,'소개이미지5',to_date('21/02/16','RR/MM/DD'),5);
Insert into DBSERVER.STOREBOARD (SBNO,SBIMAGEFILENAME,SBDATE,SINO) values (6,'소개이미지6',to_date('21/02/16','RR/MM/DD'),6);
REM INSERTING into DBSERVER.STORECARD
SET DEFINE OFF;
Insert into DBSERVER.STORECARD (SCNO,SCIMAGEFILENAME,SCDATE,STOID) values (1,'등록증1',to_date('21/02/16','RR/MM/DD'),'sonStore');
Insert into DBSERVER.STORECARD (SCNO,SCIMAGEFILENAME,SCDATE,STOID) values (2,'등록증2',to_date('21/02/16','RR/MM/DD'),'limStore');
Insert into DBSERVER.STORECARD (SCNO,SCIMAGEFILENAME,SCDATE,STOID) values (3,'등록증3',to_date('21/02/16','RR/MM/DD'),'laStore');
Insert into DBSERVER.STORECARD (SCNO,SCIMAGEFILENAME,SCDATE,STOID) values (4,'등록증4',to_date('21/02/16','RR/MM/DD'),'sungStore');
Insert into DBSERVER.STORECARD (SCNO,SCIMAGEFILENAME,SCDATE,STOID) values (5,'등록증5',to_date('21/02/16','RR/MM/DD'),'leeStore');
Insert into DBSERVER.STORECARD (SCNO,SCIMAGEFILENAME,SCDATE,STOID) values (6,'등록증6',to_date('21/02/16','RR/MM/DD'),'jungStore');
REM INSERTING into DBSERVER.STOREINTRODUCE
SET DEFINE OFF;
Insert into DBSERVER.STOREINTRODUCE (SINO,SITITLE,SICONTENTS,SICREATEDATE,SIVIEWS,STOID,SBIMAGEFILENAME) values (9,'xxx','xxxxxx',to_date('21/02/26','RR/MM/DD'),0,'a',null);
Insert into DBSERVER.STOREINTRODUCE (SINO,SITITLE,SICONTENTS,SICREATEDATE,SIVIEWS,STOID,SBIMAGEFILENAME) values (10,'xx22sss','xxxx222sss',to_date('21/02/26','RR/MM/DD'),0,'a',null);
Insert into DBSERVER.STOREINTRODUCE (SINO,SITITLE,SICONTENTS,SICREATEDATE,SIVIEWS,STOID,SBIMAGEFILENAME) values (11,'sxas','axaxaxaxas',to_date('21/02/26','RR/MM/DD'),0,'a','tuna.jpeg');
Insert into DBSERVER.STOREINTRODUCE (SINO,SITITLE,SICONTENTS,SICREATEDATE,SIVIEWS,STOID,SBIMAGEFILENAME) values (12,'xx','sxaxaaxsxa',to_date('21/02/26','RR/MM/DD'),0,'a','tuna.jpeg');
Insert into DBSERVER.STOREINTRODUCE (SINO,SITITLE,SICONTENTS,SICREATEDATE,SIVIEWS,STOID,SBIMAGEFILENAME) values (13,'x','qwqw',to_date('21/02/26','RR/MM/DD'),0,'a','samgyusal.jpeg');
Insert into DBSERVER.STOREINTRODUCE (SINO,SITITLE,SICONTENTS,SICREATEDATE,SIVIEWS,STOID,SBIMAGEFILENAME) values (7,'qq','sssss',to_date('21/02/26','RR/MM/DD'),0,'a',null);
Insert into DBSERVER.STOREINTRODUCE (SINO,SITITLE,SICONTENTS,SICREATEDATE,SIVIEWS,STOID,SBIMAGEFILENAME) values (1,'소개 게시판1','소개게시판 내용1',to_date('21/02/16','RR/MM/DD'),0,'sonStore',null);
Insert into DBSERVER.STOREINTRODUCE (SINO,SITITLE,SICONTENTS,SICREATEDATE,SIVIEWS,STOID,SBIMAGEFILENAME) values (2,'소개 게시판2','소개게시판 내용2',to_date('21/02/16','RR/MM/DD'),0,'limStore',null);
Insert into DBSERVER.STOREINTRODUCE (SINO,SITITLE,SICONTENTS,SICREATEDATE,SIVIEWS,STOID,SBIMAGEFILENAME) values (3,'소개 게시판3','소개게시판 내용3',to_date('21/02/16','RR/MM/DD'),0,'laStore',null);
Insert into DBSERVER.STOREINTRODUCE (SINO,SITITLE,SICONTENTS,SICREATEDATE,SIVIEWS,STOID,SBIMAGEFILENAME) values (4,'소개 게시판4','소개게시판 내용44',to_date('21/02/16','RR/MM/DD'),0,'sungStore',null);
Insert into DBSERVER.STOREINTRODUCE (SINO,SITITLE,SICONTENTS,SICREATEDATE,SIVIEWS,STOID,SBIMAGEFILENAME) values (5,'소개 게시판5','소개게시판 내용5',to_date('21/02/16','RR/MM/DD'),0,'leeStore',null);
Insert into DBSERVER.STOREINTRODUCE (SINO,SITITLE,SICONTENTS,SICREATEDATE,SIVIEWS,STOID,SBIMAGEFILENAME) values (6,'소개 게시판6','소개게시판 내용6',to_date('21/02/16','RR/MM/DD'),0,'jungStore',null);
Insert into DBSERVER.STOREINTRODUCE (SINO,SITITLE,SICONTENTS,SICREATEDATE,SIVIEWS,STOID,SBIMAGEFILENAME) values (8,'xxx','xxxsss',to_date('21/02/26','RR/MM/DD'),0,'a',null);
Insert into DBSERVER.STOREINTRODUCE (SINO,SITITLE,SICONTENTS,SICREATEDATE,SIVIEWS,STOID,SBIMAGEFILENAME) values (14,'xxx','xxx',to_date('21/02/26','RR/MM/DD'),0,'a','samgyusal.jpeg');
Insert into DBSERVER.STOREINTRODUCE (SINO,SITITLE,SICONTENTS,SICREATEDATE,SIVIEWS,STOID,SBIMAGEFILENAME) values (15,'xx','xaasaa',to_date('21/02/26','RR/MM/DD'),0,'a',null);
Insert into DBSERVER.STOREINTRODUCE (SINO,SITITLE,SICONTENTS,SICREATEDATE,SIVIEWS,STOID,SBIMAGEFILENAME) values (16,'22','qwqwqw',to_date('21/02/26','RR/MM/DD'),0,'a','samgyusal.jpeg');
Insert into DBSERVER.STOREINTRODUCE (SINO,SITITLE,SICONTENTS,SICREATEDATE,SIVIEWS,STOID,SBIMAGEFILENAME) values (17,'sas','xasaxa',to_date('21/02/26','RR/MM/DD'),0,'a','tuna.jpeg');
Insert into DBSERVER.STOREINTRODUCE (SINO,SITITLE,SICONTENTS,SICREATEDATE,SIVIEWS,STOID,SBIMAGEFILENAME) values (18,'s','xx',to_date('21/02/26','RR/MM/DD'),0,'a','tuna.jpeg');
Insert into DBSERVER.STOREINTRODUCE (SINO,SITITLE,SICONTENTS,SICREATEDATE,SIVIEWS,STOID,SBIMAGEFILENAME) values (19,'xxx','zzzzxz',to_date('21/02/26','RR/MM/DD'),0,'a','tuna.jpeg');
Insert into DBSERVER.STOREINTRODUCE (SINO,SITITLE,SICONTENTS,SICREATEDATE,SIVIEWS,STOID,SBIMAGEFILENAME) values (20,'xxx','asaadad',to_date('21/02/26','RR/MM/DD'),0,'a','tuna.jpeg');
Insert into DBSERVER.STOREINTRODUCE (SINO,SITITLE,SICONTENTS,SICREATEDATE,SIVIEWS,STOID,SBIMAGEFILENAME) values (21,'sss','asadadasdasd',to_date('21/02/26','RR/MM/DD'),0,'a','samgyusal.jpeg');
Insert into DBSERVER.STOREINTRODUCE (SINO,SITITLE,SICONTENTS,SICREATEDATE,SIVIEWS,STOID,SBIMAGEFILENAME) values (22,'sss','adasdad',to_date('21/02/26','RR/MM/DD'),0,'a','samgyusal.jpeg');
Insert into DBSERVER.STOREINTRODUCE (SINO,SITITLE,SICONTENTS,SICREATEDATE,SIVIEWS,STOID,SBIMAGEFILENAME) values (23,'sdadad','aa',to_date('21/02/26','RR/MM/DD'),0,'a','tuna.jpeg');
Insert into DBSERVER.STOREINTRODUCE (SINO,SITITLE,SICONTENTS,SICREATEDATE,SIVIEWS,STOID,SBIMAGEFILENAME) values (24,'ssxxx','ssssxxx',to_date('21/02/26','RR/MM/DD'),0,'a','tuna.jpeg');
Insert into DBSERVER.STOREINTRODUCE (SINO,SITITLE,SICONTENTS,SICREATEDATE,SIVIEWS,STOID,SBIMAGEFILENAME) values (25,'xxa','sxaxaxax',to_date('21/02/26','RR/MM/DD'),0,'a','samgyusal.jpeg');
Insert into DBSERVER.STOREINTRODUCE (SINO,SITITLE,SICONTENTS,SICREATEDATE,SIVIEWS,STOID,SBIMAGEFILENAME) values (26,'sss','sssss',to_date('21/02/26','RR/MM/DD'),0,'a','samgyusal.jpeg');
Insert into DBSERVER.STOREINTRODUCE (SINO,SITITLE,SICONTENTS,SICREATEDATE,SIVIEWS,STOID,SBIMAGEFILENAME) values (28,'aaa','asdadad',to_date('21/02/26','RR/MM/DD'),0,'a','samgyusal.jpeg');
Insert into DBSERVER.STOREINTRODUCE (SINO,SITITLE,SICONTENTS,SICREATEDATE,SIVIEWS,STOID,SBIMAGEFILENAME) values (31,'aa','aa',to_date('21/02/28','RR/MM/DD'),0,'aa','박보검.jpg');
Insert into DBSERVER.STOREINTRODUCE (SINO,SITITLE,SICONTENTS,SICREATEDATE,SIVIEWS,STOID,SBIMAGEFILENAME) values (27,'aa','sdadadads',to_date('21/02/26','RR/MM/DD'),0,'a','tuna.jpeg');
Insert into DBSERVER.STOREINTRODUCE (SINO,SITITLE,SICONTENTS,SICREATEDATE,SIVIEWS,STOID,SBIMAGEFILENAME) values (29,'asdad','dadadasd',to_date('21/02/26','RR/MM/DD'),0,'a',null);
Insert into DBSERVER.STOREINTRODUCE (SINO,SITITLE,SICONTENTS,SICREATEDATE,SIVIEWS,STOID,SBIMAGEFILENAME) values (30,'adasdad','asdasd',to_date('21/02/26','RR/MM/DD'),0,'a',null);
Insert into DBSERVER.STOREINTRODUCE (SINO,SITITLE,SICONTENTS,SICREATEDATE,SIVIEWS,STOID,SBIMAGEFILENAME) values (32,'이미지를 포기합시다','이미지가 업로드가 안되네요',to_date('21/02/28','RR/MM/DD'),0,'sungStore','박보검.jpg');
Insert into DBSERVER.STOREINTRODUCE (SINO,SITITLE,SICONTENTS,SICREATEDATE,SIVIEWS,STOID,SBIMAGEFILENAME) values (35,'a','a',to_date('21/03/01','RR/MM/DD'),0,'a','박보검.jpg');
Insert into DBSERVER.STOREINTRODUCE (SINO,SITITLE,SICONTENTS,SICREATEDATE,SIVIEWS,STOID,SBIMAGEFILENAME) values (33,'a','a',to_date('21/03/01','RR/MM/DD'),0,'a','박보검.jpg');
Insert into DBSERVER.STOREINTRODUCE (SINO,SITITLE,SICONTENTS,SICREATEDATE,SIVIEWS,STOID,SBIMAGEFILENAME) values (34,'a','s',to_date('21/03/01','RR/MM/DD'),0,'a','박보검.jpg');
Insert into DBSERVER.STOREINTRODUCE (SINO,SITITLE,SICONTENTS,SICREATEDATE,SIVIEWS,STOID,SBIMAGEFILENAME) values (36,'aas','aas',to_date('21/03/01','RR/MM/DD'),0,'a','박보검.jpg');
Insert into DBSERVER.STOREINTRODUCE (SINO,SITITLE,SICONTENTS,SICREATEDATE,SIVIEWS,STOID,SBIMAGEFILENAME) values (37,'aa','aaa',to_date('21/03/01','RR/MM/DD'),0,'a','박보검.jpg');
Insert into DBSERVER.STOREINTRODUCE (SINO,SITITLE,SICONTENTS,SICREATEDATE,SIVIEWS,STOID,SBIMAGEFILENAME) values (38,'asd','asdasd',to_date('21/03/01','RR/MM/DD'),0,'a','박보검.jpg');
Insert into DBSERVER.STOREINTRODUCE (SINO,SITITLE,SICONTENTS,SICREATEDATE,SIVIEWS,STOID,SBIMAGEFILENAME) values (39,'ada','asdad',to_date('21/03/01','RR/MM/DD'),0,'a','박보검.jpg');
Insert into DBSERVER.STOREINTRODUCE (SINO,SITITLE,SICONTENTS,SICREATEDATE,SIVIEWS,STOID,SBIMAGEFILENAME) values (40,'a','asdas',to_date('21/03/01','RR/MM/DD'),0,'a','박보검.jpg');
Insert into DBSERVER.STOREINTRODUCE (SINO,SITITLE,SICONTENTS,SICREATEDATE,SIVIEWS,STOID,SBIMAGEFILENAME) values (41,'a','s',to_date('21/03/01','RR/MM/DD'),0,'a','박보검.jpg');
Insert into DBSERVER.STOREINTRODUCE (SINO,SITITLE,SICONTENTS,SICREATEDATE,SIVIEWS,STOID,SBIMAGEFILENAME) values (42,'asd','asdad',to_date('21/03/01','RR/MM/DD'),0,'a','박보검.jpg');
Insert into DBSERVER.STOREINTRODUCE (SINO,SITITLE,SICONTENTS,SICREATEDATE,SIVIEWS,STOID,SBIMAGEFILENAME) values (44,'ㅁㅁㅁㅁㅁㅁ','ㅁㅁㅁㅁㅁㅁㅁㅁㅁㅁㅁㅁㅁㅁㅁㅁ',to_date('21/03/01','RR/MM/DD'),0,'laStore',null);
Insert into DBSERVER.STOREINTRODUCE (SINO,SITITLE,SICONTENTS,SICREATEDATE,SIVIEWS,STOID,SBIMAGEFILENAME) values (43,'a','ass',to_date('21/03/01','RR/MM/DD'),0,'a',null);
Insert into DBSERVER.STOREINTRODUCE (SINO,SITITLE,SICONTENTS,SICREATEDATE,SIVIEWS,STOID,SBIMAGEFILENAME) values (45,'adasdwqeqweqeqwe','adadadqweqwe',to_date('21/03/01','RR/MM/DD'),0,'a',null);
Insert into DBSERVER.STOREINTRODUCE (SINO,SITITLE,SICONTENTS,SICREATEDATE,SIVIEWS,STOID,SBIMAGEFILENAME) values (46,'ㅁㅁㅁㅁㅁㅁ','ㅇㄴㄹ',to_date('21/03/01','RR/MM/DD'),0,'laStore','bg_app.jpg');
Insert into DBSERVER.STOREINTRODUCE (SINO,SITITLE,SICONTENTS,SICREATEDATE,SIVIEWS,STOID,SBIMAGEFILENAME) values (47,'asdasdas','dadadad',to_date('21/03/01','RR/MM/DD'),0,'a','tuna.jpeg');
Insert into DBSERVER.STOREINTRODUCE (SINO,SITITLE,SICONTENTS,SICREATEDATE,SIVIEWS,STOID,SBIMAGEFILENAME) values (48,'asdas','dasdadasd',to_date('21/03/01','RR/MM/DD'),0,'a','박보검.jpg');
Insert into DBSERVER.STOREINTRODUCE (SINO,SITITLE,SICONTENTS,SICREATEDATE,SIVIEWS,STOID,SBIMAGEFILENAME) values (49,'asdasd','adadad',to_date('21/03/01','RR/MM/DD'),0,'a','OIP.jpg');
Insert into DBSERVER.STOREINTRODUCE (SINO,SITITLE,SICONTENTS,SICREATEDATE,SIVIEWS,STOID,SBIMAGEFILENAME) values (50,'ㅁㅇㅁㅇㅁㅇ','ㅁㅇㅁ',to_date('21/03/01','RR/MM/DD'),0,'a','R27e84edcd4203c3640f015e628cc549c.jpg');
Insert into DBSERVER.STOREINTRODUCE (SINO,SITITLE,SICONTENTS,SICREATEDATE,SIVIEWS,STOID,SBIMAGEFILENAME) values (51,'af','a',to_date('21/03/01','RR/MM/DD'),0,'aa','bg_app.jpg');
Insert into DBSERVER.STOREINTRODUCE (SINO,SITITLE,SICONTENTS,SICREATEDATE,SIVIEWS,STOID,SBIMAGEFILENAME) values (52,'테스트','1',to_date('21/03/02','RR/MM/DD'),0,'aa','img_place_01.jpg');
Insert into DBSERVER.STOREINTRODUCE (SINO,SITITLE,SICONTENTS,SICREATEDATE,SIVIEWS,STOID,SBIMAGEFILENAME) values (53,'asdas','asdasdasd',to_date('21/03/02','RR/MM/DD'),0,'a','ico_kakao.png');
Insert into DBSERVER.STOREINTRODUCE (SINO,SITITLE,SICONTENTS,SICREATEDATE,SIVIEWS,STOID,SBIMAGEFILENAME) values (54,'asdas','dasdad',to_date('21/03/03','RR/MM/DD'),0,'aa','2021-02-15 사용자 검색.PNG');
REM INSERTING into DBSERVER.STOREMESSAGE
SET DEFINE OFF;
Insert into DBSERVER.STOREMESSAGE (SMNO,SMTITLE,SMCONTENTS,SMDATE,STOID) values (1,'손다방 쪽지1','손민구 쪽지1의 내용입니다.',to_date('21/02/16','RR/MM/DD'),'sonStore');
Insert into DBSERVER.STOREMESSAGE (SMNO,SMTITLE,SMCONTENTS,SMDATE,STOID) values (2,'임다방 쪽지2','임채현 쪽지2의 내용입니다.',to_date('21/02/16','RR/MM/DD'),'limStore');
Insert into DBSERVER.STOREMESSAGE (SMNO,SMTITLE,SMCONTENTS,SMDATE,STOID) values (3,'라다방 쪽지3','라용호 쪽지3의 내용입니다.',to_date('21/02/16','RR/MM/DD'),'laStore');
Insert into DBSERVER.STOREMESSAGE (SMNO,SMTITLE,SMCONTENTS,SMDATE,STOID) values (4,'성다방 쪽지4','성요셉 쪽지4의 내용입니다.',to_date('21/02/16','RR/MM/DD'),'sungStore');
Insert into DBSERVER.STOREMESSAGE (SMNO,SMTITLE,SMCONTENTS,SMDATE,STOID) values (5,'이다방 쪽지5','이규홍 쪽지5의 내용입니다.',to_date('21/02/16','RR/MM/DD'),'leeStore');
Insert into DBSERVER.STOREMESSAGE (SMNO,SMTITLE,SMCONTENTS,SMDATE,STOID) values (6,'정다방 쪽지6','정다현 쪽지6의 내용입니다.',to_date('21/02/16','RR/MM/DD'),'jungStore');
REM INSERTING into DBSERVER.USERMESSAGE
SET DEFINE OFF;
Insert into DBSERVER.USERMESSAGE (UMNUM,UMTITLE,UMCONTENTS,UMDATE,CUSID) values (1,'손민구 쪽지1','손민구 쪽지1의 내용입니다.',to_date('21/02/10','RR/MM/DD'),'son123');
Insert into DBSERVER.USERMESSAGE (UMNUM,UMTITLE,UMCONTENTS,UMDATE,CUSID) values (2,'임채현 쪽지2','임채현 쪽지2의 내용입니다.',to_date('21/02/10','RR/MM/DD'),'lim123');
Insert into DBSERVER.USERMESSAGE (UMNUM,UMTITLE,UMCONTENTS,UMDATE,CUSID) values (3,'라용호 쪽지3','라용호 쪽지3의 내용입니다.',to_date('21/02/10','RR/MM/DD'),'la123');
Insert into DBSERVER.USERMESSAGE (UMNUM,UMTITLE,UMCONTENTS,UMDATE,CUSID) values (4,'성요셉 쪽지4','성요셉 쪽지4의 내용입니다.',to_date('21/02/10','RR/MM/DD'),'sung123');
Insert into DBSERVER.USERMESSAGE (UMNUM,UMTITLE,UMCONTENTS,UMDATE,CUSID) values (5,'이규홍 쪽지5','이규홍 쪽지5의 내용입니다.',to_date('21/02/10','RR/MM/DD'),'lee123');
Insert into DBSERVER.USERMESSAGE (UMNUM,UMTITLE,UMCONTENTS,UMDATE,CUSID) values (6,'정다현 쪽지6','정다현 쪽지6의 내용입니다.',to_date('21/02/10','RR/MM/DD'),'jung123');
Insert into DBSERVER.USERMESSAGE (UMNUM,UMTITLE,UMCONTENTS,UMDATE,CUSID) values (7,'q','qqqqq',to_date('21/02/10','RR/MM/DD'),'q');
Insert into DBSERVER.USERMESSAGE (UMNUM,UMTITLE,UMCONTENTS,UMDATE,CUSID) values (8,'rrrr33','sijs898',to_date('21/03/01','RR/MM/DD'),'jung123');
Insert into DBSERVER.USERMESSAGE (UMNUM,UMTITLE,UMCONTENTS,UMDATE,CUSID) values (9,'gggg33','sdfasdf',to_date('21/03/01','RR/MM/DD'),'jung123');
Insert into DBSERVER.USERMESSAGE (UMNUM,UMTITLE,UMCONTENTS,UMDATE,CUSID) values (10,'dddij2','jsijdij',to_date('21/03/01','RR/MM/DD'),'jung123');
Insert into DBSERVER.USERMESSAGE (UMNUM,UMTITLE,UMCONTENTS,UMDATE,CUSID) values (11,'trh456y45','asergw345',to_date('21/03/01','RR/MM/DD'),'jung123');
REM INSERTING into DBSERVER.STOUSEMILEAGE
SET DEFINE OFF;
Insert into DBSERVER.STOUSEMILEAGE (STOID,STONAME,STOADRESS,STOLOCNUM,CUSID,CUSNAME,PAYUSEMIL,PAYDATE) values ('limStore','임다방','대전 서구 둔산동','07','lim123','임채현',0,to_date('21/03/04','RR/MM/DD'));
Insert into DBSERVER.STOUSEMILEAGE (STOID,STONAME,STOADRESS,STOLOCNUM,CUSID,CUSNAME,PAYUSEMIL,PAYDATE) values ('limStore','임다방','대전 서구 둔산동','07','lim123','임채현',3966,to_date('21/03/04','RR/MM/DD'));
Insert into DBSERVER.STOUSEMILEAGE (STOID,STONAME,STOADRESS,STOLOCNUM,CUSID,CUSNAME,PAYUSEMIL,PAYDATE) values ('limStore','임다방','대전 서구 둔산동','07','lim123','임채현',5000,to_date('21/03/03','RR/MM/DD'));
Insert into DBSERVER.STOUSEMILEAGE (STOID,STONAME,STOADRESS,STOLOCNUM,CUSID,CUSNAME,PAYUSEMIL,PAYDATE) values ('limStore','임다방','대전 서구 둔산동','07','lim123','임채현',5646,to_date('21/03/03','RR/MM/DD'));
Insert into DBSERVER.STOUSEMILEAGE (STOID,STONAME,STOADRESS,STOLOCNUM,CUSID,CUSNAME,PAYUSEMIL,PAYDATE) values ('limStore','임다방','대전 서구 둔산동','07','lim123','임채현',8,to_date('21/03/03','RR/MM/DD'));
Insert into DBSERVER.STOUSEMILEAGE (STOID,STONAME,STOADRESS,STOLOCNUM,CUSID,CUSNAME,PAYUSEMIL,PAYDATE) values ('limStore','임다방','대전 서구 둔산동','07','lim123','임채현',108,to_date('21/03/03','RR/MM/DD'));
Insert into DBSERVER.STOUSEMILEAGE (STOID,STONAME,STOADRESS,STOLOCNUM,CUSID,CUSNAME,PAYUSEMIL,PAYDATE) values ('jungStore','정다방','대전 대덕구 법동','33','lim123','임채현',1000,to_date('21/03/02','RR/MM/DD'));
Insert into DBSERVER.STOUSEMILEAGE (STOID,STONAME,STOADRESS,STOLOCNUM,CUSID,CUSNAME,PAYUSEMIL,PAYDATE) values ('limStore','임다방','대전 서구 둔산동','07','lim123','임채현',114,to_date('21/03/02','RR/MM/DD'));
Insert into DBSERVER.STOUSEMILEAGE (STOID,STONAME,STOADRESS,STOLOCNUM,CUSID,CUSNAME,PAYUSEMIL,PAYDATE) values ('limStore','임다방','대전 서구 둔산동','07','lim123','임채현',114,to_date('21/03/02','RR/MM/DD'));
Insert into DBSERVER.STOUSEMILEAGE (STOID,STONAME,STOADRESS,STOLOCNUM,CUSID,CUSNAME,PAYUSEMIL,PAYDATE) values ('limStore','임다방','대전 서구 둔산동','07','lim123','임채현',2000,to_date('21/03/02','RR/MM/DD'));
Insert into DBSERVER.STOUSEMILEAGE (STOID,STONAME,STOADRESS,STOLOCNUM,CUSID,CUSNAME,PAYUSEMIL,PAYDATE) values ('limStore','임다방','대전 서구 둔산동','07','lim123','임채현',5000,to_date('21/03/02','RR/MM/DD'));
Insert into DBSERVER.STOUSEMILEAGE (STOID,STONAME,STOADRESS,STOLOCNUM,CUSID,CUSNAME,PAYUSEMIL,PAYDATE) values ('limStore','임다방','대전 서구 둔산동','07','lim123','임채현',1000,to_date('21/03/02','RR/MM/DD'));
Insert into DBSERVER.STOUSEMILEAGE (STOID,STONAME,STOADRESS,STOLOCNUM,CUSID,CUSNAME,PAYUSEMIL,PAYDATE) values ('limStore','임다방','대전 서구 둔산동','07','lim123','임채현',1000,to_date('21/03/02','RR/MM/DD'));
Insert into DBSERVER.STOUSEMILEAGE (STOID,STONAME,STOADRESS,STOLOCNUM,CUSID,CUSNAME,PAYUSEMIL,PAYDATE) values ('limStore','임다방','대전 서구 둔산동','07','lim123','임채현',1100,to_date('21/03/02','RR/MM/DD'));
Insert into DBSERVER.STOUSEMILEAGE (STOID,STONAME,STOADRESS,STOLOCNUM,CUSID,CUSNAME,PAYUSEMIL,PAYDATE) values ('limStore','임다방','대전 서구 둔산동','07','lim123','임채현',1000,to_date('21/03/02','RR/MM/DD'));
Insert into DBSERVER.STOUSEMILEAGE (STOID,STONAME,STOADRESS,STOLOCNUM,CUSID,CUSNAME,PAYUSEMIL,PAYDATE) values ('limStore','임다방','대전 서구 둔산동','07','lim123','임채현',6000,to_date('21/03/02','RR/MM/DD'));
Insert into DBSERVER.STOUSEMILEAGE (STOID,STONAME,STOADRESS,STOLOCNUM,CUSID,CUSNAME,PAYUSEMIL,PAYDATE) values ('aa','어디여','오디지','042','lim123','임채현',1000,to_date('21/03/02','RR/MM/DD'));
Insert into DBSERVER.STOUSEMILEAGE (STOID,STONAME,STOADRESS,STOLOCNUM,CUSID,CUSNAME,PAYUSEMIL,PAYDATE) values ('aa','어디여','오디지','042','lim123','임채현',100,to_date('21/03/02','RR/MM/DD'));
Insert into DBSERVER.STOUSEMILEAGE (STOID,STONAME,STOADRESS,STOLOCNUM,CUSID,CUSNAME,PAYUSEMIL,PAYDATE) values ('aa','어디여','오디지','042','lim123','임채현',2000,to_date('21/03/02','RR/MM/DD'));
Insert into DBSERVER.STOUSEMILEAGE (STOID,STONAME,STOADRESS,STOLOCNUM,CUSID,CUSNAME,PAYUSEMIL,PAYDATE) values ('a','에에에','서울 강북구 방학로 384','042','lim123','임채현',1000,to_date('21/03/01','RR/MM/DD'));
Insert into DBSERVER.STOUSEMILEAGE (STOID,STONAME,STOADRESS,STOLOCNUM,CUSID,CUSNAME,PAYUSEMIL,PAYDATE) values ('limStore','임다방','대전 서구 둔산동','07','lim123','임채현',0,to_date('21/03/01','RR/MM/DD'));
Insert into DBSERVER.STOUSEMILEAGE (STOID,STONAME,STOADRESS,STOLOCNUM,CUSID,CUSNAME,PAYUSEMIL,PAYDATE) values ('limStore','임다방','대전 서구 둔산동','07','lim123','임채현',2000,to_date('21/03/01','RR/MM/DD'));
Insert into DBSERVER.STOUSEMILEAGE (STOID,STONAME,STOADRESS,STOLOCNUM,CUSID,CUSNAME,PAYUSEMIL,PAYDATE) values ('limStore','임다방','대전 서구 둔산동','07','lim123','임채현',3520,to_date('21/02/27','RR/MM/DD'));
Insert into DBSERVER.STOUSEMILEAGE (STOID,STONAME,STOADRESS,STOLOCNUM,CUSID,CUSNAME,PAYUSEMIL,PAYDATE) values ('limStore','임다방','대전 서구 둔산동','07','lim123','임채현',6000,to_date('21/02/26','RR/MM/DD'));
Insert into DBSERVER.STOUSEMILEAGE (STOID,STONAME,STOADRESS,STOLOCNUM,CUSID,CUSNAME,PAYUSEMIL,PAYDATE) values ('limStore','임다방','대전 서구 둔산동','07','lim123','임채현',0,to_date('21/02/26','RR/MM/DD'));
Insert into DBSERVER.STOUSEMILEAGE (STOID,STONAME,STOADRESS,STOLOCNUM,CUSID,CUSNAME,PAYUSEMIL,PAYDATE) values ('limStore','임다방','대전 서구 둔산동','07','lim123','임채현',3500,to_date('21/02/26','RR/MM/DD'));
Insert into DBSERVER.STOUSEMILEAGE (STOID,STONAME,STOADRESS,STOLOCNUM,CUSID,CUSNAME,PAYUSEMIL,PAYDATE) values ('jungStore','정다방','대전 대덕구 법동','33','q','큐큐큐',0,to_date('21/03/02','RR/MM/DD'));
Insert into DBSERVER.STOUSEMILEAGE (STOID,STONAME,STOADRESS,STOLOCNUM,CUSID,CUSNAME,PAYUSEMIL,PAYDATE) values ('jungStore','정다방','대전 대덕구 법동','33','q','큐큐큐',100,to_date('21/03/02','RR/MM/DD'));
REM INSERTING into DBSERVER.SUMMILSTACKUSEMIL
SET DEFINE OFF;
Insert into DBSERVER.SUMMILSTACKUSEMIL (CUSID,SUMMILSTACK,SUMUSEMIL) values ('q',19,100);
REM INSERTING into DBSERVER.USEMILEAGE
SET DEFINE OFF;
Insert into DBSERVER.USEMILEAGE (CUSID,CUSNAME,STONAME,USEMIL,USEDATE) values ('lim123','임채현','임다방',0,to_date('21/03/04','RR/MM/DD'));
Insert into DBSERVER.USEMILEAGE (CUSID,CUSNAME,STONAME,USEMIL,USEDATE) values ('lim123','임채현','임다방',3966,to_date('21/03/04','RR/MM/DD'));
Insert into DBSERVER.USEMILEAGE (CUSID,CUSNAME,STONAME,USEMIL,USEDATE) values ('lim123','임채현','임다방',5000,to_date('21/03/03','RR/MM/DD'));
Insert into DBSERVER.USEMILEAGE (CUSID,CUSNAME,STONAME,USEMIL,USEDATE) values ('lim123','임채현','임다방',5646,to_date('21/03/03','RR/MM/DD'));
Insert into DBSERVER.USEMILEAGE (CUSID,CUSNAME,STONAME,USEMIL,USEDATE) values ('lim123','임채현','임다방',8,to_date('21/03/03','RR/MM/DD'));
Insert into DBSERVER.USEMILEAGE (CUSID,CUSNAME,STONAME,USEMIL,USEDATE) values ('lim123','임채현','임다방',108,to_date('21/03/03','RR/MM/DD'));
Insert into DBSERVER.USEMILEAGE (CUSID,CUSNAME,STONAME,USEMIL,USEDATE) values ('lim123','임채현','정다방',1000,to_date('21/03/02','RR/MM/DD'));
Insert into DBSERVER.USEMILEAGE (CUSID,CUSNAME,STONAME,USEMIL,USEDATE) values ('lim123','임채현','임다방',114,to_date('21/03/02','RR/MM/DD'));
Insert into DBSERVER.USEMILEAGE (CUSID,CUSNAME,STONAME,USEMIL,USEDATE) values ('lim123','임채현','임다방',114,to_date('21/03/02','RR/MM/DD'));
Insert into DBSERVER.USEMILEAGE (CUSID,CUSNAME,STONAME,USEMIL,USEDATE) values ('lim123','임채현','임다방',2000,to_date('21/03/02','RR/MM/DD'));
Insert into DBSERVER.USEMILEAGE (CUSID,CUSNAME,STONAME,USEMIL,USEDATE) values ('lim123','임채현','임다방',5000,to_date('21/03/02','RR/MM/DD'));
Insert into DBSERVER.USEMILEAGE (CUSID,CUSNAME,STONAME,USEMIL,USEDATE) values ('lim123','임채현','임다방',1000,to_date('21/03/02','RR/MM/DD'));
Insert into DBSERVER.USEMILEAGE (CUSID,CUSNAME,STONAME,USEMIL,USEDATE) values ('lim123','임채현','임다방',1000,to_date('21/03/02','RR/MM/DD'));
Insert into DBSERVER.USEMILEAGE (CUSID,CUSNAME,STONAME,USEMIL,USEDATE) values ('lim123','임채현','임다방',1100,to_date('21/03/02','RR/MM/DD'));
Insert into DBSERVER.USEMILEAGE (CUSID,CUSNAME,STONAME,USEMIL,USEDATE) values ('lim123','임채현','임다방',1000,to_date('21/03/02','RR/MM/DD'));
Insert into DBSERVER.USEMILEAGE (CUSID,CUSNAME,STONAME,USEMIL,USEDATE) values ('lim123','임채현','임다방',6000,to_date('21/03/02','RR/MM/DD'));
Insert into DBSERVER.USEMILEAGE (CUSID,CUSNAME,STONAME,USEMIL,USEDATE) values ('lim123','임채현','어디여',1000,to_date('21/03/02','RR/MM/DD'));
Insert into DBSERVER.USEMILEAGE (CUSID,CUSNAME,STONAME,USEMIL,USEDATE) values ('lim123','임채현','어디여',100,to_date('21/03/02','RR/MM/DD'));
Insert into DBSERVER.USEMILEAGE (CUSID,CUSNAME,STONAME,USEMIL,USEDATE) values ('lim123','임채현','어디여',2000,to_date('21/03/02','RR/MM/DD'));
Insert into DBSERVER.USEMILEAGE (CUSID,CUSNAME,STONAME,USEMIL,USEDATE) values ('lim123','임채현','에에에',1000,to_date('21/03/01','RR/MM/DD'));
Insert into DBSERVER.USEMILEAGE (CUSID,CUSNAME,STONAME,USEMIL,USEDATE) values ('lim123','임채현','임다방',0,to_date('21/03/01','RR/MM/DD'));
Insert into DBSERVER.USEMILEAGE (CUSID,CUSNAME,STONAME,USEMIL,USEDATE) values ('lim123','임채현','임다방',2000,to_date('21/03/01','RR/MM/DD'));
Insert into DBSERVER.USEMILEAGE (CUSID,CUSNAME,STONAME,USEMIL,USEDATE) values ('lim123','임채현','임다방',3520,to_date('21/02/27','RR/MM/DD'));
Insert into DBSERVER.USEMILEAGE (CUSID,CUSNAME,STONAME,USEMIL,USEDATE) values ('lim123','임채현','임다방',6000,to_date('21/02/26','RR/MM/DD'));
Insert into DBSERVER.USEMILEAGE (CUSID,CUSNAME,STONAME,USEMIL,USEDATE) values ('lim123','임채현','임다방',0,to_date('21/02/26','RR/MM/DD'));
Insert into DBSERVER.USEMILEAGE (CUSID,CUSNAME,STONAME,USEMIL,USEDATE) values ('lim123','임채현','임다방',3500,to_date('21/02/26','RR/MM/DD'));
Insert into DBSERVER.USEMILEAGE (CUSID,CUSNAME,STONAME,USEMIL,USEDATE) values ('q','큐큐큐','정다방',0,to_date('21/03/02','RR/MM/DD'));
Insert into DBSERVER.USEMILEAGE (CUSID,CUSNAME,STONAME,USEMIL,USEDATE) values ('q','큐큐큐','정다방',100,to_date('21/03/02','RR/MM/DD'));
--------------------------------------------------------
--  DDL for Index PK_CUPON
--------------------------------------------------------

  CREATE UNIQUE INDEX "DBSERVER"."PK_CUPON" ON "DBSERVER"."CUPON" ("CUPID") 
  PCTFREE 10 INITRANS 2 MAXTRANS 255 COMPUTE STATISTICS 
  STORAGE(INITIAL 65536 NEXT 1048576 MINEXTENTS 1 MAXEXTENTS 2147483645
  PCTINCREASE 0 FREELISTS 1 FREELIST GROUPS 1 BUFFER_POOL DEFAULT FLASH_CACHE DEFAULT CELL_FLASH_CACHE DEFAULT)
  TABLESPACE "SYSTEM" ;
--------------------------------------------------------
--  DDL for Index PK_CUSUSER
--------------------------------------------------------

  CREATE UNIQUE INDEX "DBSERVER"."PK_CUSUSER" ON "DBSERVER"."CUSUSER" ("CUSID") 
  PCTFREE 10 INITRANS 2 MAXTRANS 255 COMPUTE STATISTICS 
  STORAGE(INITIAL 65536 NEXT 1048576 MINEXTENTS 1 MAXEXTENTS 2147483645
  PCTINCREASE 0 FREELISTS 1 FREELIST GROUPS 1 BUFFER_POOL DEFAULT FLASH_CACHE DEFAULT CELL_FLASH_CACHE DEFAULT)
  TABLESPACE "SYSTEM" ;
--------------------------------------------------------
--  DDL for Index PK_MANAGER
--------------------------------------------------------

  CREATE UNIQUE INDEX "DBSERVER"."PK_MANAGER" ON "DBSERVER"."MANAGER" ("MANID") 
  PCTFREE 10 INITRANS 2 MAXTRANS 255 COMPUTE STATISTICS 
  STORAGE(INITIAL 65536 NEXT 1048576 MINEXTENTS 1 MAXEXTENTS 2147483645
  PCTINCREASE 0 FREELISTS 1 FREELIST GROUPS 1 BUFFER_POOL DEFAULT FLASH_CACHE DEFAULT CELL_FLASH_CACHE DEFAULT)
  TABLESPACE "SYSTEM" ;
--------------------------------------------------------
--  DDL for Index PK_MILEAGE
--------------------------------------------------------

  CREATE UNIQUE INDEX "DBSERVER"."PK_MILEAGE" ON "DBSERVER"."MILEAGE" ("MILNO") 
  PCTFREE 10 INITRANS 2 MAXTRANS 255 COMPUTE STATISTICS 
  STORAGE(INITIAL 65536 NEXT 1048576 MINEXTENTS 1 MAXEXTENTS 2147483645
  PCTINCREASE 0 FREELISTS 1 FREELIST GROUPS 1 BUFFER_POOL DEFAULT FLASH_CACHE DEFAULT CELL_FLASH_CACHE DEFAULT)
  TABLESPACE "SYSTEM" ;
--------------------------------------------------------
--  DDL for Index PK_NTC
--------------------------------------------------------

  CREATE UNIQUE INDEX "DBSERVER"."PK_NTC" ON "DBSERVER"."NTC" ("NTCNO") 
  PCTFREE 10 INITRANS 2 MAXTRANS 255 COMPUTE STATISTICS 
  STORAGE(INITIAL 65536 NEXT 1048576 MINEXTENTS 1 MAXEXTENTS 2147483645
  PCTINCREASE 0 FREELISTS 1 FREELIST GROUPS 1 BUFFER_POOL DEFAULT FLASH_CACHE DEFAULT CELL_FLASH_CACHE DEFAULT)
  TABLESPACE "SYSTEM" ;
--------------------------------------------------------
--  DDL for Index PK_PAYMENT
--------------------------------------------------------

  CREATE UNIQUE INDEX "DBSERVER"."PK_PAYMENT" ON "DBSERVER"."PAYMENT" ("PAYNUM") 
  PCTFREE 10 INITRANS 2 MAXTRANS 255 COMPUTE STATISTICS 
  STORAGE(INITIAL 65536 NEXT 1048576 MINEXTENTS 1 MAXEXTENTS 2147483645
  PCTINCREASE 0 FREELISTS 1 FREELIST GROUPS 1 BUFFER_POOL DEFAULT FLASH_CACHE DEFAULT CELL_FLASH_CACHE DEFAULT)
  TABLESPACE "SYSTEM" ;
--------------------------------------------------------
--  DDL for Index PK_QNA
--------------------------------------------------------

  CREATE UNIQUE INDEX "DBSERVER"."PK_QNA" ON "DBSERVER"."QNA" ("QNANO") 
  PCTFREE 10 INITRANS 2 MAXTRANS 255 COMPUTE STATISTICS 
  STORAGE(INITIAL 65536 NEXT 1048576 MINEXTENTS 1 MAXEXTENTS 2147483645
  PCTINCREASE 0 FREELISTS 1 FREELIST GROUPS 1 BUFFER_POOL DEFAULT FLASH_CACHE DEFAULT CELL_FLASH_CACHE DEFAULT)
  TABLESPACE "SYSTEM" ;
--------------------------------------------------------
--  DDL for Index PK_QNAREPLY
--------------------------------------------------------

  CREATE UNIQUE INDEX "DBSERVER"."PK_QNAREPLY" ON "DBSERVER"."QNAREPLY" ("RENO") 
  PCTFREE 10 INITRANS 2 MAXTRANS 255 COMPUTE STATISTICS 
  STORAGE(INITIAL 65536 NEXT 1048576 MINEXTENTS 1 MAXEXTENTS 2147483645
  PCTINCREASE 0 FREELISTS 1 FREELIST GROUPS 1 BUFFER_POOL DEFAULT FLASH_CACHE DEFAULT CELL_FLASH_CACHE DEFAULT)
  TABLESPACE "SYSTEM" ;
--------------------------------------------------------
--  DDL for Index PK_QNAREPLY1
--------------------------------------------------------

  CREATE UNIQUE INDEX "DBSERVER"."PK_QNAREPLY1" ON "DBSERVER"."QNAREPLY" ("RENO", "QNANO") 
  PCTFREE 10 INITRANS 2 MAXTRANS 255 COMPUTE STATISTICS 
  STORAGE(INITIAL 65536 NEXT 1048576 MINEXTENTS 1 MAXEXTENTS 2147483645
  PCTINCREASE 0 FREELISTS 1 FREELIST GROUPS 1 BUFFER_POOL DEFAULT FLASH_CACHE DEFAULT CELL_FLASH_CACHE DEFAULT)
  TABLESPACE "SYSTEM" ;
--------------------------------------------------------
--  DDL for Index PK_STORE
--------------------------------------------------------

  CREATE UNIQUE INDEX "DBSERVER"."PK_STORE" ON "DBSERVER"."STORE" ("STOID") 
  PCTFREE 10 INITRANS 2 MAXTRANS 255 COMPUTE STATISTICS 
  STORAGE(INITIAL 65536 NEXT 1048576 MINEXTENTS 1 MAXEXTENTS 2147483645
  PCTINCREASE 0 FREELISTS 1 FREELIST GROUPS 1 BUFFER_POOL DEFAULT FLASH_CACHE DEFAULT CELL_FLASH_CACHE DEFAULT)
  TABLESPACE "SYSTEM" ;
--------------------------------------------------------
--  DDL for Index PK_STOREBOARD
--------------------------------------------------------

  CREATE UNIQUE INDEX "DBSERVER"."PK_STOREBOARD" ON "DBSERVER"."STOREBOARD" ("SBNO") 
  PCTFREE 10 INITRANS 2 MAXTRANS 255 COMPUTE STATISTICS 
  STORAGE(INITIAL 65536 NEXT 1048576 MINEXTENTS 1 MAXEXTENTS 2147483645
  PCTINCREASE 0 FREELISTS 1 FREELIST GROUPS 1 BUFFER_POOL DEFAULT FLASH_CACHE DEFAULT CELL_FLASH_CACHE DEFAULT)
  TABLESPACE "SYSTEM" ;
--------------------------------------------------------
--  DDL for Index PK_STORECARD
--------------------------------------------------------

  CREATE UNIQUE INDEX "DBSERVER"."PK_STORECARD" ON "DBSERVER"."STORECARD" ("SCNO") 
  PCTFREE 10 INITRANS 2 MAXTRANS 255 COMPUTE STATISTICS 
  STORAGE(INITIAL 65536 NEXT 1048576 MINEXTENTS 1 MAXEXTENTS 2147483645
  PCTINCREASE 0 FREELISTS 1 FREELIST GROUPS 1 BUFFER_POOL DEFAULT FLASH_CACHE DEFAULT CELL_FLASH_CACHE DEFAULT)
  TABLESPACE "SYSTEM" ;
--------------------------------------------------------
--  DDL for Index PK_STOREINTRODUCE
--------------------------------------------------------

  CREATE UNIQUE INDEX "DBSERVER"."PK_STOREINTRODUCE" ON "DBSERVER"."STOREINTRODUCE" ("SINO") 
  PCTFREE 10 INITRANS 2 MAXTRANS 255 COMPUTE STATISTICS 
  STORAGE(INITIAL 65536 NEXT 1048576 MINEXTENTS 1 MAXEXTENTS 2147483645
  PCTINCREASE 0 FREELISTS 1 FREELIST GROUPS 1 BUFFER_POOL DEFAULT FLASH_CACHE DEFAULT CELL_FLASH_CACHE DEFAULT)
  TABLESPACE "SYSTEM" ;
--------------------------------------------------------
--  DDL for Index PK_STOREMESSAGE
--------------------------------------------------------

  CREATE UNIQUE INDEX "DBSERVER"."PK_STOREMESSAGE" ON "DBSERVER"."STOREMESSAGE" ("SMNO") 
  PCTFREE 10 INITRANS 2 MAXTRANS 255 COMPUTE STATISTICS 
  STORAGE(INITIAL 65536 NEXT 1048576 MINEXTENTS 1 MAXEXTENTS 2147483645
  PCTINCREASE 0 FREELISTS 1 FREELIST GROUPS 1 BUFFER_POOL DEFAULT FLASH_CACHE DEFAULT CELL_FLASH_CACHE DEFAULT)
  TABLESPACE "SYSTEM" ;
--------------------------------------------------------
--  DDL for Index PK_USERMESSAGE
--------------------------------------------------------

  CREATE UNIQUE INDEX "DBSERVER"."PK_USERMESSAGE" ON "DBSERVER"."USERMESSAGE" ("UMNUM") 
  PCTFREE 10 INITRANS 2 MAXTRANS 255 COMPUTE STATISTICS 
  STORAGE(INITIAL 65536 NEXT 1048576 MINEXTENTS 1 MAXEXTENTS 2147483645
  PCTINCREASE 0 FREELISTS 1 FREELIST GROUPS 1 BUFFER_POOL DEFAULT FLASH_CACHE DEFAULT CELL_FLASH_CACHE DEFAULT)
  TABLESPACE "SYSTEM" ;
--------------------------------------------------------
--  Constraints for Table CUPON
--------------------------------------------------------

  ALTER TABLE "DBSERVER"."CUPON" ADD CONSTRAINT "PK_CUPON" PRIMARY KEY ("CUPID")
  USING INDEX PCTFREE 10 INITRANS 2 MAXTRANS 255 COMPUTE STATISTICS 
  STORAGE(INITIAL 65536 NEXT 1048576 MINEXTENTS 1 MAXEXTENTS 2147483645
  PCTINCREASE 0 FREELISTS 1 FREELIST GROUPS 1 BUFFER_POOL DEFAULT FLASH_CACHE DEFAULT CELL_FLASH_CACHE DEFAULT)
  TABLESPACE "SYSTEM"  ENABLE;
  ALTER TABLE "DBSERVER"."CUPON" MODIFY ("STOID" NOT NULL ENABLE);
  ALTER TABLE "DBSERVER"."CUPON" MODIFY ("CUPADVCONTENTS" NOT NULL ENABLE);
  ALTER TABLE "DBSERVER"."CUPON" MODIFY ("CUPKIND" NOT NULL ENABLE);
  ALTER TABLE "DBSERVER"."CUPON" MODIFY ("CUPDISCOUNT" NOT NULL ENABLE);
  ALTER TABLE "DBSERVER"."CUPON" MODIFY ("CUPDATE" NOT NULL ENABLE);
  ALTER TABLE "DBSERVER"."CUPON" MODIFY ("CUPQRNO" NOT NULL ENABLE);
  ALTER TABLE "DBSERVER"."CUPON" MODIFY ("CUPID" NOT NULL ENABLE);
--------------------------------------------------------
--  Constraints for Table CUSUSER
--------------------------------------------------------

  ALTER TABLE "DBSERVER"."CUSUSER" ADD CONSTRAINT "PK_CUSUSER" PRIMARY KEY ("CUSID")
  USING INDEX PCTFREE 10 INITRANS 2 MAXTRANS 255 COMPUTE STATISTICS 
  STORAGE(INITIAL 65536 NEXT 1048576 MINEXTENTS 1 MAXEXTENTS 2147483645
  PCTINCREASE 0 FREELISTS 1 FREELIST GROUPS 1 BUFFER_POOL DEFAULT FLASH_CACHE DEFAULT CELL_FLASH_CACHE DEFAULT)
  TABLESPACE "SYSTEM"  ENABLE;
  ALTER TABLE "DBSERVER"."CUSUSER" MODIFY ("CUSTOTMIL" NOT NULL ENABLE);
  ALTER TABLE "DBSERVER"."CUSUSER" MODIFY ("CUSQRNO" NOT NULL ENABLE);
  ALTER TABLE "DBSERVER"."CUSUSER" MODIFY ("CUSSIGNUPDATE" NOT NULL ENABLE);
  ALTER TABLE "DBSERVER"."CUSUSER" MODIFY ("CUSADRESS" NOT NULL ENABLE);
  ALTER TABLE "DBSERVER"."CUSUSER" MODIFY ("CUSBIRTH" NOT NULL ENABLE);
  ALTER TABLE "DBSERVER"."CUSUSER" MODIFY ("CUSNAME" NOT NULL ENABLE);
  ALTER TABLE "DBSERVER"."CUSUSER" MODIFY ("CUSEMAIL" NOT NULL ENABLE);
  ALTER TABLE "DBSERVER"."CUSUSER" MODIFY ("CUSPASSWORD" NOT NULL ENABLE);
  ALTER TABLE "DBSERVER"."CUSUSER" MODIFY ("CUSPHONE" NOT NULL ENABLE);
  ALTER TABLE "DBSERVER"."CUSUSER" MODIFY ("CUSID" NOT NULL ENABLE);
--------------------------------------------------------
--  Constraints for Table MANAGER
--------------------------------------------------------

  ALTER TABLE "DBSERVER"."MANAGER" ADD CONSTRAINT "PK_MANAGER" PRIMARY KEY ("MANID")
  USING INDEX PCTFREE 10 INITRANS 2 MAXTRANS 255 COMPUTE STATISTICS 
  STORAGE(INITIAL 65536 NEXT 1048576 MINEXTENTS 1 MAXEXTENTS 2147483645
  PCTINCREASE 0 FREELISTS 1 FREELIST GROUPS 1 BUFFER_POOL DEFAULT FLASH_CACHE DEFAULT CELL_FLASH_CACHE DEFAULT)
  TABLESPACE "SYSTEM"  ENABLE;
  ALTER TABLE "DBSERVER"."MANAGER" MODIFY ("MANEMAIL" NOT NULL ENABLE);
  ALTER TABLE "DBSERVER"."MANAGER" MODIFY ("MANPHONE" NOT NULL ENABLE);
  ALTER TABLE "DBSERVER"."MANAGER" MODIFY ("MANAUTHORITY" NOT NULL ENABLE);
  ALTER TABLE "DBSERVER"."MANAGER" MODIFY ("MANNAME" NOT NULL ENABLE);
  ALTER TABLE "DBSERVER"."MANAGER" MODIFY ("MANPASSWORD" NOT NULL ENABLE);
  ALTER TABLE "DBSERVER"."MANAGER" MODIFY ("MANID" NOT NULL ENABLE);
--------------------------------------------------------
--  Constraints for Table MILEAGE
--------------------------------------------------------

  ALTER TABLE "DBSERVER"."MILEAGE" ADD CONSTRAINT "PK_MILEAGE" PRIMARY KEY ("MILNO")
  USING INDEX PCTFREE 10 INITRANS 2 MAXTRANS 255 COMPUTE STATISTICS 
  STORAGE(INITIAL 65536 NEXT 1048576 MINEXTENTS 1 MAXEXTENTS 2147483645
  PCTINCREASE 0 FREELISTS 1 FREELIST GROUPS 1 BUFFER_POOL DEFAULT FLASH_CACHE DEFAULT CELL_FLASH_CACHE DEFAULT)
  TABLESPACE "SYSTEM"  ENABLE;
  ALTER TABLE "DBSERVER"."MILEAGE" MODIFY ("MILNO" NOT NULL ENABLE);
--------------------------------------------------------
--  Constraints for Table NTC
--------------------------------------------------------

  ALTER TABLE "DBSERVER"."NTC" ADD CONSTRAINT "PK_NTC" PRIMARY KEY ("NTCNO")
  USING INDEX PCTFREE 10 INITRANS 2 MAXTRANS 255 COMPUTE STATISTICS 
  STORAGE(INITIAL 65536 NEXT 1048576 MINEXTENTS 1 MAXEXTENTS 2147483645
  PCTINCREASE 0 FREELISTS 1 FREELIST GROUPS 1 BUFFER_POOL DEFAULT FLASH_CACHE DEFAULT CELL_FLASH_CACHE DEFAULT)
  TABLESPACE "SYSTEM"  ENABLE;
  ALTER TABLE "DBSERVER"."NTC" MODIFY ("NTCDATE" NOT NULL ENABLE);
  ALTER TABLE "DBSERVER"."NTC" MODIFY ("NTCITWRITER" NOT NULL ENABLE);
  ALTER TABLE "DBSERVER"."NTC" MODIFY ("NTCTITLE" NOT NULL ENABLE);
  ALTER TABLE "DBSERVER"."NTC" MODIFY ("NTCNO" NOT NULL ENABLE);
--------------------------------------------------------
--  Constraints for Table PAYMENT
--------------------------------------------------------

  ALTER TABLE "DBSERVER"."PAYMENT" ADD CONSTRAINT "PK_PAYMENT" PRIMARY KEY ("PAYNUM")
  USING INDEX PCTFREE 10 INITRANS 2 MAXTRANS 255 COMPUTE STATISTICS 
  STORAGE(INITIAL 65536 NEXT 1048576 MINEXTENTS 1 MAXEXTENTS 2147483645
  PCTINCREASE 0 FREELISTS 1 FREELIST GROUPS 1 BUFFER_POOL DEFAULT FLASH_CACHE DEFAULT CELL_FLASH_CACHE DEFAULT)
  TABLESPACE "SYSTEM"  ENABLE;
  ALTER TABLE "DBSERVER"."PAYMENT" MODIFY ("CUSID" NOT NULL ENABLE);
  ALTER TABLE "DBSERVER"."PAYMENT" MODIFY ("STOID" NOT NULL ENABLE);
  ALTER TABLE "DBSERVER"."PAYMENT" MODIFY ("PAYTYPE" NOT NULL ENABLE);
  ALTER TABLE "DBSERVER"."PAYMENT" MODIFY ("PAYDATE" NOT NULL ENABLE);
  ALTER TABLE "DBSERVER"."PAYMENT" MODIFY ("PAYREAL" NOT NULL ENABLE);
  ALTER TABLE "DBSERVER"."PAYMENT" MODIFY ("PAYACO" NOT NULL ENABLE);
  ALTER TABLE "DBSERVER"."PAYMENT" MODIFY ("PAYNUM" NOT NULL ENABLE);
--------------------------------------------------------
--  Constraints for Table QNA
--------------------------------------------------------

  ALTER TABLE "DBSERVER"."QNA" ADD CONSTRAINT "PK_QNA" PRIMARY KEY ("QNANO")
  USING INDEX PCTFREE 10 INITRANS 2 MAXTRANS 255 COMPUTE STATISTICS 
  STORAGE(INITIAL 65536 NEXT 1048576 MINEXTENTS 1 MAXEXTENTS 2147483645
  PCTINCREASE 0 FREELISTS 1 FREELIST GROUPS 1 BUFFER_POOL DEFAULT FLASH_CACHE DEFAULT CELL_FLASH_CACHE DEFAULT)
  TABLESPACE "SYSTEM"  ENABLE;
  ALTER TABLE "DBSERVER"."QNA" MODIFY ("QNACREATEDATE" NOT NULL ENABLE);
  ALTER TABLE "DBSERVER"."QNA" MODIFY ("QNAWRITER" NOT NULL ENABLE);
  ALTER TABLE "DBSERVER"."QNA" MODIFY ("QNATITLE" NOT NULL ENABLE);
  ALTER TABLE "DBSERVER"."QNA" MODIFY ("QNANO" NOT NULL ENABLE);
--------------------------------------------------------
--  Constraints for Table QNAREPLY
--------------------------------------------------------

  ALTER TABLE "DBSERVER"."QNAREPLY" ADD CONSTRAINT "PK_QNAREPLY" PRIMARY KEY ("RENO", "QNANO")
  USING INDEX PCTFREE 10 INITRANS 2 MAXTRANS 255 COMPUTE STATISTICS 
  STORAGE(INITIAL 65536 NEXT 1048576 MINEXTENTS 1 MAXEXTENTS 2147483645
  PCTINCREASE 0 FREELISTS 1 FREELIST GROUPS 1 BUFFER_POOL DEFAULT FLASH_CACHE DEFAULT CELL_FLASH_CACHE DEFAULT)
  TABLESPACE "SYSTEM"  ENABLE;
  ALTER TABLE "DBSERVER"."QNAREPLY" MODIFY ("QNANO" NOT NULL ENABLE);
  ALTER TABLE "DBSERVER"."QNAREPLY" MODIFY ("RECONTENTS" NOT NULL ENABLE);
  ALTER TABLE "DBSERVER"."QNAREPLY" MODIFY ("REWRITER" NOT NULL ENABLE);
  ALTER TABLE "DBSERVER"."QNAREPLY" MODIFY ("RENO" NOT NULL ENABLE);
--------------------------------------------------------
--  Constraints for Table STORE
--------------------------------------------------------

  ALTER TABLE "DBSERVER"."STORE" ADD CONSTRAINT "PK_STORE" PRIMARY KEY ("STOID")
  USING INDEX PCTFREE 10 INITRANS 2 MAXTRANS 255 COMPUTE STATISTICS 
  STORAGE(INITIAL 65536 NEXT 1048576 MINEXTENTS 1 MAXEXTENTS 2147483645
  PCTINCREASE 0 FREELISTS 1 FREELIST GROUPS 1 BUFFER_POOL DEFAULT FLASH_CACHE DEFAULT CELL_FLASH_CACHE DEFAULT)
  TABLESPACE "SYSTEM"  ENABLE;
  ALTER TABLE "DBSERVER"."STORE" MODIFY ("STOSIGNAPP" NOT NULL ENABLE);
  ALTER TABLE "DBSERVER"."STORE" MODIFY ("STOLOCNUM" NOT NULL ENABLE);
  ALTER TABLE "DBSERVER"."STORE" MODIFY ("STOSIGNDATE" NOT NULL ENABLE);
  ALTER TABLE "DBSERVER"."STORE" MODIFY ("STOBUINUM" NOT NULL ENABLE);
  ALTER TABLE "DBSERVER"."STORE" MODIFY ("STOADRESS" NOT NULL ENABLE);
  ALTER TABLE "DBSERVER"."STORE" MODIFY ("STONAME" NOT NULL ENABLE);
  ALTER TABLE "DBSERVER"."STORE" MODIFY ("STOEMAIL" NOT NULL ENABLE);
  ALTER TABLE "DBSERVER"."STORE" MODIFY ("STOPASSWORD" NOT NULL ENABLE);
  ALTER TABLE "DBSERVER"."STORE" MODIFY ("STOPHONE" NOT NULL ENABLE);
  ALTER TABLE "DBSERVER"."STORE" MODIFY ("STOID" NOT NULL ENABLE);
--------------------------------------------------------
--  Constraints for Table STOREBOARD
--------------------------------------------------------

  ALTER TABLE "DBSERVER"."STOREBOARD" ADD CONSTRAINT "PK_STOREBOARD" PRIMARY KEY ("SBNO")
  USING INDEX PCTFREE 10 INITRANS 2 MAXTRANS 255 COMPUTE STATISTICS 
  STORAGE(INITIAL 65536 NEXT 1048576 MINEXTENTS 1 MAXEXTENTS 2147483645
  PCTINCREASE 0 FREELISTS 1 FREELIST GROUPS 1 BUFFER_POOL DEFAULT FLASH_CACHE DEFAULT CELL_FLASH_CACHE DEFAULT)
  TABLESPACE "SYSTEM"  ENABLE;
  ALTER TABLE "DBSERVER"."STOREBOARD" MODIFY ("SINO" NOT NULL ENABLE);
  ALTER TABLE "DBSERVER"."STOREBOARD" MODIFY ("SBDATE" NOT NULL ENABLE);
  ALTER TABLE "DBSERVER"."STOREBOARD" MODIFY ("SBIMAGEFILENAME" NOT NULL ENABLE);
  ALTER TABLE "DBSERVER"."STOREBOARD" MODIFY ("SBNO" NOT NULL ENABLE);
--------------------------------------------------------
--  Constraints for Table STORECARD
--------------------------------------------------------

  ALTER TABLE "DBSERVER"."STORECARD" ADD CONSTRAINT "PK_STORECARD" PRIMARY KEY ("SCNO")
  USING INDEX PCTFREE 10 INITRANS 2 MAXTRANS 255 COMPUTE STATISTICS 
  STORAGE(INITIAL 65536 NEXT 1048576 MINEXTENTS 1 MAXEXTENTS 2147483645
  PCTINCREASE 0 FREELISTS 1 FREELIST GROUPS 1 BUFFER_POOL DEFAULT FLASH_CACHE DEFAULT CELL_FLASH_CACHE DEFAULT)
  TABLESPACE "SYSTEM"  ENABLE;
  ALTER TABLE "DBSERVER"."STORECARD" MODIFY ("STOID" NOT NULL ENABLE);
  ALTER TABLE "DBSERVER"."STORECARD" MODIFY ("SCDATE" NOT NULL ENABLE);
  ALTER TABLE "DBSERVER"."STORECARD" MODIFY ("SCIMAGEFILENAME" NOT NULL ENABLE);
  ALTER TABLE "DBSERVER"."STORECARD" MODIFY ("SCNO" NOT NULL ENABLE);
--------------------------------------------------------
--  Constraints for Table STOREINTRODUCE
--------------------------------------------------------

  ALTER TABLE "DBSERVER"."STOREINTRODUCE" ADD CONSTRAINT "PK_STOREINTRODUCE" PRIMARY KEY ("SINO")
  USING INDEX PCTFREE 10 INITRANS 2 MAXTRANS 255 COMPUTE STATISTICS 
  STORAGE(INITIAL 65536 NEXT 1048576 MINEXTENTS 1 MAXEXTENTS 2147483645
  PCTINCREASE 0 FREELISTS 1 FREELIST GROUPS 1 BUFFER_POOL DEFAULT FLASH_CACHE DEFAULT CELL_FLASH_CACHE DEFAULT)
  TABLESPACE "SYSTEM"  ENABLE;
  ALTER TABLE "DBSERVER"."STOREINTRODUCE" MODIFY ("STOID" NOT NULL ENABLE);
  ALTER TABLE "DBSERVER"."STOREINTRODUCE" MODIFY ("SICREATEDATE" NOT NULL ENABLE);
  ALTER TABLE "DBSERVER"."STOREINTRODUCE" MODIFY ("SITITLE" NOT NULL ENABLE);
  ALTER TABLE "DBSERVER"."STOREINTRODUCE" MODIFY ("SINO" NOT NULL ENABLE);
--------------------------------------------------------
--  Constraints for Table STOREMESSAGE
--------------------------------------------------------

  ALTER TABLE "DBSERVER"."STOREMESSAGE" ADD CONSTRAINT "PK_STOREMESSAGE" PRIMARY KEY ("SMNO")
  USING INDEX PCTFREE 10 INITRANS 2 MAXTRANS 255 COMPUTE STATISTICS 
  STORAGE(INITIAL 65536 NEXT 1048576 MINEXTENTS 1 MAXEXTENTS 2147483645
  PCTINCREASE 0 FREELISTS 1 FREELIST GROUPS 1 BUFFER_POOL DEFAULT FLASH_CACHE DEFAULT CELL_FLASH_CACHE DEFAULT)
  TABLESPACE "SYSTEM"  ENABLE;
  ALTER TABLE "DBSERVER"."STOREMESSAGE" MODIFY ("STOID" NOT NULL ENABLE);
  ALTER TABLE "DBSERVER"."STOREMESSAGE" MODIFY ("SMTITLE" NOT NULL ENABLE);
  ALTER TABLE "DBSERVER"."STOREMESSAGE" MODIFY ("SMNO" NOT NULL ENABLE);
--------------------------------------------------------
--  Constraints for Table USERMESSAGE
--------------------------------------------------------

  ALTER TABLE "DBSERVER"."USERMESSAGE" ADD CONSTRAINT "PK_USERMESSAGE" PRIMARY KEY ("UMNUM")
  USING INDEX PCTFREE 10 INITRANS 2 MAXTRANS 255 COMPUTE STATISTICS 
  STORAGE(INITIAL 65536 NEXT 1048576 MINEXTENTS 1 MAXEXTENTS 2147483645
  PCTINCREASE 0 FREELISTS 1 FREELIST GROUPS 1 BUFFER_POOL DEFAULT FLASH_CACHE DEFAULT CELL_FLASH_CACHE DEFAULT)
  TABLESPACE "SYSTEM"  ENABLE;
  ALTER TABLE "DBSERVER"."USERMESSAGE" MODIFY ("CUSID" NOT NULL ENABLE);
  ALTER TABLE "DBSERVER"."USERMESSAGE" MODIFY ("UMTITLE" NOT NULL ENABLE);
  ALTER TABLE "DBSERVER"."USERMESSAGE" MODIFY ("UMNUM" NOT NULL ENABLE);
--------------------------------------------------------
--  Ref Constraints for Table CUPON
--------------------------------------------------------

  ALTER TABLE "DBSERVER"."CUPON" ADD CONSTRAINT "FK_CUSUSER_TO_CUPON" FOREIGN KEY ("CUSID")
	  REFERENCES "DBSERVER"."CUSUSER" ("CUSID") ON DELETE CASCADE ENABLE;
  ALTER TABLE "DBSERVER"."CUPON" ADD CONSTRAINT "FK_STORE_TO_CUPON" FOREIGN KEY ("STOID")
	  REFERENCES "DBSERVER"."STORE" ("STOID") ON DELETE CASCADE ENABLE;
--------------------------------------------------------
--  Ref Constraints for Table MILEAGE
--------------------------------------------------------

  ALTER TABLE "DBSERVER"."MILEAGE" ADD CONSTRAINT "FK_CUSUSER_TO_MILEAGE" FOREIGN KEY ("CUSID")
	  REFERENCES "DBSERVER"."CUSUSER" ("CUSID") ON DELETE CASCADE ENABLE;
  ALTER TABLE "DBSERVER"."MILEAGE" ADD CONSTRAINT "FK_PAYMENT_TO_MILEAGE" FOREIGN KEY ("PAYNUM")
	  REFERENCES "DBSERVER"."PAYMENT" ("PAYNUM") ON DELETE CASCADE ENABLE;
--------------------------------------------------------
--  Ref Constraints for Table PAYMENT
--------------------------------------------------------

  ALTER TABLE "DBSERVER"."PAYMENT" ADD CONSTRAINT "FK_CUPON_TO_PAYMENT" FOREIGN KEY ("CUPID")
	  REFERENCES "DBSERVER"."CUPON" ("CUPID") ON DELETE CASCADE ENABLE;
  ALTER TABLE "DBSERVER"."PAYMENT" ADD CONSTRAINT "FK_CUSUSER_TO_PAYMENT" FOREIGN KEY ("CUSID")
	  REFERENCES "DBSERVER"."CUSUSER" ("CUSID") ON DELETE CASCADE ENABLE;
  ALTER TABLE "DBSERVER"."PAYMENT" ADD CONSTRAINT "FK_STORE_TO_PAYMENT" FOREIGN KEY ("STOID")
	  REFERENCES "DBSERVER"."STORE" ("STOID") ON DELETE CASCADE ENABLE;
--------------------------------------------------------
--  Ref Constraints for Table QNAREPLY
--------------------------------------------------------

  ALTER TABLE "DBSERVER"."QNAREPLY" ADD CONSTRAINT "FK_QNA_TO_QNAREPLY" FOREIGN KEY ("QNANO")
	  REFERENCES "DBSERVER"."QNA" ("QNANO") ON DELETE CASCADE ENABLE;
--------------------------------------------------------
--  Ref Constraints for Table STOREBOARD
--------------------------------------------------------

  ALTER TABLE "DBSERVER"."STOREBOARD" ADD CONSTRAINT "FK_STOREINTRODUCE_TO_STRBRD" FOREIGN KEY ("SINO")
	  REFERENCES "DBSERVER"."STOREINTRODUCE" ("SINO") ON DELETE CASCADE ENABLE;
--------------------------------------------------------
--  Ref Constraints for Table STORECARD
--------------------------------------------------------

  ALTER TABLE "DBSERVER"."STORECARD" ADD CONSTRAINT "FK_STORE_TO_STORECARD" FOREIGN KEY ("STOID")
	  REFERENCES "DBSERVER"."STORE" ("STOID") ON DELETE CASCADE ENABLE;
--------------------------------------------------------
--  Ref Constraints for Table STOREINTRODUCE
--------------------------------------------------------

  ALTER TABLE "DBSERVER"."STOREINTRODUCE" ADD CONSTRAINT "FK_STORE_TO_STOREINTRODUCE" FOREIGN KEY ("STOID")
	  REFERENCES "DBSERVER"."STORE" ("STOID") ON DELETE CASCADE ENABLE;
--------------------------------------------------------
--  Ref Constraints for Table STOREMESSAGE
--------------------------------------------------------

  ALTER TABLE "DBSERVER"."STOREMESSAGE" ADD CONSTRAINT "FK_STORE_TO_STOREMESSAGE" FOREIGN KEY ("STOID")
	  REFERENCES "DBSERVER"."STORE" ("STOID") ON DELETE CASCADE ENABLE;
--------------------------------------------------------
--  Ref Constraints for Table USERMESSAGE
--------------------------------------------------------

  ALTER TABLE "DBSERVER"."USERMESSAGE" ADD CONSTRAINT "FK_CUSUSER_TO_USERMESSAGE" FOREIGN KEY ("CUSID")
	  REFERENCES "DBSERVER"."CUSUSER" ("CUSID") ON DELETE CASCADE ENABLE;
